SEASON,TOURNAMENT,ENDING_DATE,PLAYER,SALARY,P_TOP20,SCORE,MODEL_SCORE,ODDS_SHARE,LEVERAGE,VEGAS_ODDS,SG_FORM,PREDICTED_AT
2026,Genesis Scottish Open,2026-07-12,Scottie Scheffler,14000,0.797,1.0,0.924,0.1061,0.0,5.5,2.38,2026-07-17 13:00
2026,Genesis Scottish Open,2026-07-12,Rory McIlroy,12000,0.623,0.9936,0.8097,0.0627,0.0,10.0,1.59,2026-07-17 13:00
2026,Genesis Scottish Open,2026-07-12,Tommy Fleetwood,9400,0.534,0.9697,0.7568,0.0328,1.5,20.0,1.35,2026-07-17 13:00
2026,Genesis Scottish Open,2026-07-12,Matt Fitzpatrick,9900,0.507,0.9825,0.7621,0.0363,1.5,18.0,1.42,2026-07-17 13:00
2026,Genesis Scottish Open,2026-07-12,Xander Schauffele,9800,0.506,0.9729,0.756,0.0363,-1.5,18.0,1.03,2026-07-17 13:00
2026,Genesis Scottish Open,2026-07-12,Ludvig Aberg,9600,0.49,0.9634,0.7527,0.0328,-0.5,20.0,1.11,2026-07-17 13:00
2026,Genesis Scottish Open,2026-07-12,Chris Gotterup,9300,0.433,0.9522,0.7258,0.0265,-1.0,25.0,0.99,2026-07-17 13:00
2026,Genesis Scottish Open,2026-07-12,Wyndham Clark,9200,0.428,0.949,0.7315,0.0222,2.0,30.0,1.38,2026-07-17 13:00
2026,Genesis Scottish Open,2026-07-12,Robert MacIntyre,9000,0.42,0.9427,0.7185,0.0222,0.0,30.0,0.72,2026-07-17 13:00
2026,Genesis Scottish Open,2026-07-12,Viktor Hovland,9100,0.413,0.9268,0.704,0.0192,-1.0,35.0,0.9,2026-07-17 13:00
2026,Genesis Scottish Open,2026-07-12,Jon Rahm,11500,0.403,0.9841,0.7587,0.0406,-1.0,16.0,1.03,2026-07-17 13:00
2026,Genesis Scottish Open,2026-07-12,Justin Thomas,8600,0.396,0.9283,0.7147,0.0168,2.5,40.0,0.81,2026-07-17 13:00
2026,Genesis Scottish Open,2026-07-12,Patrick Cantlay,8800,0.388,0.9092,0.696,0.015,0.5,45.0,0.99,2026-07-17 13:00
2026,Genesis Scottish Open,2026-07-12,Tyrrell Hatton,8900,0.381,0.9363,0.7144,0.0222,-2.0,30.0,1.57,2026-07-17 13:00
2026,Genesis Scottish Open,2026-07-12,Alex Fitzpatrick,7900,0.352,0.8694,0.6819,0.0135,-7.0,50.0,1.32,2026-07-17 13:00
2026,Genesis Scottish Open,2026-07-12,J.J. Spaun,8500,0.349,0.8694,0.6905,0.0113,3.0,60.0,0.96,2026-07-17 13:00
2026,Genesis Scottish Open,2026-07-12,Kurt Kitayama,8400,0.345,0.9045,0.699,0.0135,4.0,50.0,0.65,2026-07-17 13:00
2026,Genesis Scottish Open,2026-07-12,Si Woo Kim,8700,0.344,0.8981,0.6955,0.0135,2.0,50.0,1.06,2026-07-17 13:00
2026,Genesis Scottish Open,2026-07-12,Min Woo Lee,8200,0.344,0.8806,0.6823,0.015,-8.5,45.0,0.34,2026-07-17 13:00
2026,Genesis Scottish Open,2026-07-12,Kristoffer Reitan,7900,0.338,0.8678,0.6856,0.0123,-2.5,55.0,0.59,2026-07-17 13:00
2026,Genesis Scottish Open,2026-07-12,Nicolai Hojgaard,8000,0.33,0.9029,0.6906,0.0168,-5.5,40.0,0.63,2026-07-17 13:00
2026,Genesis Scottish Open,2026-07-12,Aaron Rai,7800,0.324,0.879,0.6933,0.0113,6.0,60.0,0.57,2026-07-17 13:00
2026,Genesis Scottish Open,2026-07-12,Jake Knapp,7700,0.297,0.8567,0.6893,0.0104,5.0,65.0,0.66,2026-07-17 13:00
2026,Genesis Scottish Open,2026-07-12,Tom Kim,7600,0.296,0.8376,0.672,0.0104,-1.0,65.0,0.48,2026-07-17 13:00
2026,Genesis Scottish Open,2026-07-12,Shane Lowry,7800,0.283,0.8408,0.6731,0.0104,0.0,65.0,0.66,2026-07-17 13:00
2026,Genesis Scottish Open,2026-07-12,Harris English,8300,0.28,0.8503,0.6928,0.0085,13.0,80.0,0.67,2026-07-17 13:00
2026,Genesis Scottish Open,2026-07-12,Adam Scott,7800,0.275,0.8248,0.6638,0.0097,1.0,70.0,0.45,2026-07-17 13:00
2026,Genesis Scottish Open,2026-07-12,Brooks Koepka,8000,0.268,0.8217,0.6605,0.0097,0.0,70.0,0.69,2026-07-17 13:00
2026,Genesis Scottish Open,2026-07-12,Marco Penge,7700,0.258,0.836,0.6382,0.0123,-12.5,55.0,-0.56,2026-07-17 13:00
2026,Genesis Scottish Open,2026-07-12,Patrick Reed,7700,0.256,0.8185,0.6594,0.0097,-1.0,70.0,1.16,2026-07-17 13:00
2026,Genesis Scottish Open,2026-07-12,Alex Noren,7500,0.252,0.8153,0.6885,0.0068,16.0,100.0,0.37,2026-07-17 13:00
2026,Genesis Scottish Open,2026-07-12,David Puig,8100,0.249,0.8312,0.643,0.0113,-9.0,60.0,0.2,2026-07-17 13:00
2026,Genesis Scottish Open,2026-07-12,Bud Cauley,7600,0.247,0.7755,0.6288,0.0076,-7.5,90.0,0.59,2026-07-17 13:00
2026,Genesis Scottish Open,2026-07-12,Michael Brennan,7400,0.24,0.7691,0.6281,0.0076,-9.5,90.0,0.27,2026-07-17 13:00
2026,Genesis Scottish Open,2026-07-12,Corey Conners,7400,0.229,0.7771,0.6352,0.0068,4.0,100.0,0.09,2026-07-17 13:00
2026,Genesis Scottish Open,2026-07-12,Alex Smalley,7500,0.227,0.7404,0.631,0.0055,11.5,125.0,0.54,2026-07-17 13:00
2026,Genesis Scottish Open,2026-07-12,Ryan Gerard,7500,0.226,0.7739,0.6319,0.0068,3.0,100.0,0.63,2026-07-17 13:00
2026,Genesis Scottish Open,2026-07-12,Pierceson Coody,7600,0.225,0.7675,0.6306,0.0068,1.0,100.0,0.47,2026-07-17 13:00
2026,Genesis Scottish Open,2026-07-12,Eric Cole,7400,0.223,0.7611,0.6298,0.0068,-1.0,100.0,0.73,2026-07-17 13:00
2026,Genesis Scottish Open,2026-07-12,Ryan Fox,7300,0.222,0.7484,0.6281,0.0068,-5.0,100.0,0.22,2026-07-17 13:00
2026,Genesis Scottish Open,2026-07-12,Matt Wallace,7300,0.222,0.742,0.6264,0.0068,-7.0,100.0,0.42,2026-07-17 13:00
2026,Genesis Scottish Open,2026-07-12,Brian Harman,7300,0.216,0.7341,0.6304,0.0055,9.5,125.0,0.13,2026-07-17 13:00
2026,Genesis Scottish Open,2026-07-12,Doug Ghim,7400,0.213,0.7245,0.6287,0.0055,6.5,125.0,0.87,2026-07-17 13:00
2026,Genesis Scottish Open,2026-07-12,Sahith Theegala,7300,0.212,0.7086,0.6248,0.0055,1.5,125.0,0.34,2026-07-17 13:00
2026,Genesis Scottish Open,2026-07-12,Max Greyserman,7200,0.209,0.6959,0.621,0.0055,-2.5,125.0,0.03,2026-07-17 13:00
2026,Genesis Scottish Open,2026-07-12,Michael Thorbjornsen,7500,0.206,0.7054,0.6248,0.0055,0.5,125.0,0.28,2026-07-17 13:00
2026,Genesis Scottish Open,2026-07-12,Harry Hall,7300,0.205,0.6831,0.6153,0.0055,-6.5,125.0,0.17,2026-07-17 13:00
2026,Genesis Scottish Open,2026-07-12,Victor Perez,7100,0.202,0.7452,0.6276,0.0068,-6.0,100.0,0.43,2026-07-17 13:00
2026,Genesis Scottish Open,2026-07-12,Aldrich Potgieter,7000,0.199,0.6768,0.6133,0.0055,-8.5,125.0,-0.11,2026-07-17 13:00
2026,Genesis Scottish Open,2026-07-12,Daniel Hillier,7000,0.199,0.7022,0.6215,0.0055,-0.5,125.0,0.71,2026-07-17 13:00
2026,Genesis Scottish Open,2026-07-12,Brice Garnett,6200,0.186,0.7293,0.6215,0.0068,-11.0,100.0,-0.4,2026-07-17 13:00
2026,Genesis Scottish Open,2026-07-12,Sepp Straka,7200,0.177,0.7293,0.648,0.0046,25.0,150.0,-0.34,2026-07-17 13:00
2026,Genesis Scottish Open,2026-07-12,Jesper Svensson,6800,0.177,0.6433,0.61,0.0046,-2.0,150.0,0.38,2026-07-17 13:00
2026,Genesis Scottish Open,2026-07-12,Mac Meissner,7200,0.177,0.6592,0.6153,0.0046,3.0,150.0,0.57,2026-07-17 13:00
2026,Genesis Scottish Open,2026-07-12,Sam Stevens,7100,0.173,0.6529,0.6147,0.0046,1.0,150.0,0.06,2026-07-17 13:00
2026,Genesis Scottish Open,2026-07-12,Nick Taylor,7200,0.173,0.6624,0.6169,0.0046,4.0,150.0,0.31,2026-07-17 13:00
2026,Genesis Scottish Open,2026-07-12,Matt McCarty,7000,0.173,0.6433,0.6184,0.0039,12.0,175.0,0.08,2026-07-17 13:00
2026,Genesis Scottish Open,2026-07-12,Tom McKibbin,7200,0.173,0.6481,0.5976,0.0055,-17.5,125.0,-0.67,2026-07-17 13:00
2026,Genesis Scottish Open,2026-07-12,Michael Kim,6900,0.167,0.6242,0.6104,0.0039,6.0,175.0,0.07,2026-07-17 13:00
2026,Genesis Scottish Open,2026-07-12,Sudarshan Yellamaraju,7000,0.165,0.5685,0.5892,0.0034,-0.5,200.0,0.52,2026-07-17 13:00
2026,Genesis Scottish Open,2026-07-12,Rasmus Hojgaard,7100,0.164,0.6274,0.6016,0.0046,-7.0,150.0,0.0,2026-07-17 13:00
2026,Genesis Scottish Open,2026-07-12,Rasmus Neergaard-Petersen,7200,0.161,0.6146,0.6098,0.0039,3.0,175.0,0.28,2026-07-17 13:00
2026,Genesis Scottish Open,2026-07-12,Johnny Keefer,7000,0.16,0.6083,0.6031,0.0039,1.0,175.0,0.02,2026-07-17 13:00
2026,Genesis Scottish Open,2026-07-12,Andrew Novak,7100,0.159,0.6115,0.6086,0.0039,2.0,175.0,-0.11,2026-07-17 13:00
2026,Genesis Scottish Open,2026-07-12,Sungjae Im,7100,0.154,0.578,0.5894,0.0034,2.5,200.0,0.08,2026-07-17 13:00
2026,Genesis Scottish Open,2026-07-12,Kevin Yu,6900,0.152,0.5717,0.5893,0.0034,0.5,200.0,0.37,2026-07-17 13:00
2026,Genesis Scottish Open,2026-07-12,John Parry,6800,0.151,0.5525,0.588,0.0031,2.5,225.0,0.11,2026-07-17 13:00
2026,Genesis Scottish Open,2026-07-12,Haotong Li,6900,0.15,0.6019,0.6,0.0039,-1.0,175.0,0.01,2026-07-17 13:00
2026,Genesis Scottish Open,2026-07-12,Oliver Lindell,6600,0.146,0.6401,0.6099,0.0046,-3.0,150.0,0.19,2026-07-17 13:00
2026,Genesis Scottish Open,2026-07-12,Taylor Moore,6900,0.138,0.5398,0.5838,0.0031,-1.5,225.0,0.19,2026-07-17 13:00
2026,Genesis Scottish Open,2026-07-12,Matti Schmid,6800,0.137,0.5239,0.5735,0.0031,-6.5,225.0,-0.32,2026-07-17 13:00
2026,Genesis Scottish Open,2026-07-12,Max McGreevy,6800,0.134,0.5159,0.5872,0.0023,12.0,300.0,0.42,2026-07-17 13:00
2026,Genesis Scottish Open,2026-07-12,Ricky Castillo,7000,0.125,0.5303,0.5852,0.0027,5.5,250.0,0.07,2026-07-17 13:00
2026,Genesis Scottish Open,2026-07-12,Bernd Wiesberger,6800,0.125,0.5924,0.5893,0.0039,-4.0,175.0,-0.76,2026-07-17 13:00
2026,Genesis Scottish Open,2026-07-12,Zach Bauchou,6800,0.122,0.4825,0.5822,0.002,14.5,350.0,0.32,2026-07-17 13:00
2026,Genesis Scottish Open,2026-07-12,Thorbjorn Olesen,6700,0.12,0.5143,0.5781,0.0027,0.5,250.0,-0.14,2026-07-17 13:00
2026,Genesis Scottish Open,2026-07-12,Mikael Lindberg,6800,0.114,0.4984,0.5718,0.0027,-4.5,250.0,0.36,2026-07-17 13:00
2026,Genesis Scottish Open,2026-07-12,Calum Hill,6700,0.114,0.5398,0.5749,0.0034,-9.5,200.0,-0.36,2026-07-17 13:00
2026,Genesis Scottish Open,2026-07-12,Andrew Putnam,6700,0.114,0.4793,0.581,0.002,13.5,350.0,0.29,2026-07-17 13:00
2026,Genesis Scottish Open,2026-07-12,Laurie Canter,6700,0.112,0.457,0.5705,0.002,6.5,350.0,0.26,2026-07-17 13:00
2026,Genesis Scottish Open,2026-07-12,Austin Smotherman,6900,0.111,0.4873,0.5734,0.0023,3.0,300.0,-0.07,2026-07-17 13:00
2026,Genesis Scottish Open,2026-07-12,Nico Echavarria,6700,0.111,0.4682,0.5684,0.0023,-3.0,300.0,-0.17,2026-07-17 13:00
2026,Genesis Scottish Open,2026-07-12,Keita Nakajima,6700,0.11,0.4538,0.5694,0.002,5.5,350.0,0.16,2026-07-17 13:00
2026,Genesis Scottish Open,2026-07-12,Casey Jarvis,6900,0.109,0.543,0.5845,0.0031,-0.5,225.0,-0.6,2026-07-17 13:00
2026,Genesis Scottish Open,2026-07-12,Chris Kirk,6600,0.107,0.4172,0.5662,0.0017,5.0,400.0,-0.09,2026-07-17 13:00
2026,Genesis Scottish Open,2026-07-12,Grant Forrest,6600,0.104,0.5016,0.5729,0.0027,-3.5,250.0,0.19,2026-07-17 13:00
2026,Genesis Scottish Open,2026-07-12,Erik van Rooyen,6500,0.104,0.3917,0.5569,0.0017,-3.0,400.0,-0.01,2026-07-17 13:00
2026,Genesis Scottish Open,2026-07-12,Karl Vilips,6700,0.101,0.4252,0.5627,0.002,-3.5,350.0,-0.31,2026-07-17 13:00
2026,Genesis Scottish Open,2026-07-12,Austin Eckroat,6200,0.099,0.4506,0.5693,0.002,4.5,350.0,-0.11,2026-07-17 13:00
2026,Genesis Scottish Open,2026-07-12,Ewen Ferguson,6800,0.097,0.4825,0.5672,0.0027,-9.5,250.0,0.0,2026-07-17 13:00
2026,Genesis Scottish Open,2026-07-12,Antoine Rozner,6600,0.096,0.4045,0.5615,0.0017,1.0,400.0,-0.22,2026-07-17 13:00
2026,Genesis Scottish Open,2026-07-12,Alejandro Del Rey,6500,0.095,0.4697,0.5637,0.0027,-13.5,250.0,0.0,2026-07-17 13:00
2026,Genesis Scottish Open,2026-07-12,Paul Waring,6500,0.094,0.4124,0.5576,0.002,-7.5,350.0,0.02,2026-07-17 13:00
2026,Genesis Scottish Open,2026-07-12,Billy Horschel,6600,0.093,0.3535,0.5393,0.0014,-3.0,500.0,-0.29,2026-07-17 13:00
2026,Genesis Scottish Open,2026-07-12,Brandt Snedeker,6600,0.09,0.4013,0.5666,0.0014,12.0,500.0,0.13,2026-07-17 13:00
2026,Genesis Scottish Open,2026-07-12,Francesco Molinari,6400,0.086,0.3296,0.5522,0.0009,14.5,750.0,0.15,2026-07-17 13:00
2026,Genesis Scottish Open,2026-07-12,Matthieu Pavon,6500,0.086,0.3822,0.5615,0.0014,6.0,500.0,0.01,2026-07-17 13:00
2026,Genesis Scottish Open,2026-07-12,Joakim Lagergren,6200,0.085,0.4156,0.5582,0.002,-6.5,350.0,-0.33,2026-07-17 13:00
2026,Genesis Scottish Open,2026-07-12,Kevin Roy,6400,0.084,0.3264,0.549,0.0009,13.5,750.0,-0.49,2026-07-17 13:00
2026,Genesis Scottish Open,2026-07-12,Adrien Saddier,6600,0.083,0.3503,0.5371,0.0014,-4.0,500.0,-0.42,2026-07-17 13:00
2026,Genesis Scottish Open,2026-07-12,Marcus Armitage,6700,0.082,0.4618,0.567,0.0023,-5.0,300.0,-0.31,2026-07-17 13:00
2026,Genesis Scottish Open,2026-07-12,Andy Sullivan,6600,0.079,0.3439,0.5285,0.0014,-6.0,500.0,0.12,2026-07-17 13:00
2026,Genesis Scottish Open,2026-07-12,Freddy Schott,6400,0.075,0.449,0.5628,0.0023,-9.0,300.0,-0.34,2026-07-17 13:00
2026,Genesis Scottish Open,2026-07-12,Richard Mansell,6300,0.074,0.3408,0.5254,0.0014,-7.0,500.0,0.21,2026-07-17 13:00
2026,Genesis Scottish Open,2026-07-12,Mark Hubbard,6400,0.072,0.3121,0.5246,0.0011,-2.0,600.0,-0.56,2026-07-17 13:00
2026,Genesis Scottish Open,2026-07-12,Kota Kaneko,6500,0.069,0.2261,0.4835,0.0014,-43.0,500.0,-0.31,2026-07-17 13:00
2026,Genesis Scottish Open,2026-07-12,Martin Couvra,6600,0.069,0.3312,0.5233,0.0014,-10.0,500.0,-0.34,2026-07-17 13:00
2026,Genesis Scottish Open,2026-07-12,Thriston Lawrence,6400,0.069,0.3153,0.525,0.0011,-1.0,600.0,-0.06,2026-07-17 13:00
2026,Genesis Scottish Open,2026-07-12,Angel Hidalgo,6300,0.068,0.2771,0.5457,0.0007,25.0,1000.0,0.24,2026-07-17 13:00
2026,Genesis Scottish Open,2026-07-12,Daniel Brown,6700,0.065,0.1911,0.5426,0.0001,50.0,1000.0,-0.39,2026-07-17 13:00
2026,Genesis Scottish Open,2026-07-12,Julien Guerrier,6500,0.065,0.328,0.5215,0.0014,-11.0,500.0,-0.04,2026-07-17 13:00
2026,Genesis Scottish Open,2026-07-12,Padraig Harrington,6400,0.064,0.3248,0.533,0.0011,2.0,600.0,-0.58,2026-07-17 13:00
2026,Genesis Scottish Open,2026-07-12,Shaun Norris,6400,0.061,0.285,0.5169,0.0009,0.5,750.0,-0.27,2026-07-17 13:00
2026,Genesis Scottish Open,2026-07-12,Rikuya Hoshino,6300,0.061,0.2803,0.5464,0.0007,26.0,1000.0,0.04,2026-07-17 13:00
2026,Genesis Scottish Open,2026-07-12,Jacques Kruyswijk,6100,0.057,0.2134,0.5045,0.0007,5.0,1000.0,0.3,2026-07-17 13:00
2026,Genesis Scottish Open,2026-07-12,David Ravetto,6300,0.056,0.2691,0.5095,0.0009,-4.5,750.0,-0.01,2026-07-17 13:00
2026,Genesis Scottish Open,2026-07-12,Dan Bradbury,6500,0.056,0.2962,0.5129,0.0011,-7.0,600.0,-0.59,2026-07-17 13:00
2026,Genesis Scottish Open,2026-07-12,Guido Migliozzi,6300,0.054,0.2659,0.5072,0.0009,-5.5,750.0,-0.71,2026-07-17 13:00
2026,Genesis Scottish Open,2026-07-12,Adrian Meronk,6400,0.054,0.2532,0.5037,0.0009,-9.5,750.0,0.0,2026-07-17 13:00
2026,Genesis Scottish Open,2026-07-12,Matteo Manassero,6100,0.053,0.2325,0.5129,0.0007,11.0,1000.0,-0.26,2026-07-17 13:00
2026,Genesis Scottish Open,2026-07-12,Davis Riley,6200,0.048,0.1465,0.4845,0.0007,-16.0,1000.0,-1.32,2026-07-17 13:00
2026,Genesis Scottish Open,2026-07-12,Marcel Siem,6000,0.046,0.1481,0.5013,0.0003,15.5,1000.0,0.13,2026-07-17 13:00
2026,Genesis Scottish Open,2026-07-12,Joost Luiten,6300,0.046,0.2197,0.5055,0.0007,7.0,1000.0,-0.01,2026-07-17 13:00
2026,Genesis Scottish Open,2026-07-12,Richard Sterne,6200,0.045,0.2166,0.5049,0.0007,6.0,1000.0,0.04,2026-07-17 13:00
2026,Genesis Scottish Open,2026-07-12,Nacho Elvira,6400,0.045,0.207,0.5022,0.0007,3.0,1000.0,-0.27,2026-07-17 13:00
2026,Genesis Scottish Open,2026-07-12,Johannes Veerman,6100,0.045,0.1943,0.5008,0.0007,-1.0,1000.0,-0.27,2026-07-17 13:00
2026,Genesis Scottish Open,2026-07-12,Connor Syme,6200,0.045,0.2038,0.5016,0.0007,2.0,1000.0,-0.17,2026-07-17 13:00
2026,Genesis Scottish Open,2026-07-12,Scott Jamieson,6300,0.045,0.1879,0.4991,0.0007,-3.0,1000.0,0.07,2026-07-17 13:00
2026,Genesis Scottish Open,2026-07-12,Jordan Gumberg,6000,0.045,0.172,0.4958,0.0007,-8.0,1000.0,-0.48,2026-07-17 13:00
2026,Genesis Scottish Open,2026-07-12,Yuto Katsuragawa,6100,0.045,0.2006,0.5014,0.0007,1.0,1000.0,-0.13,2026-07-17 13:00
2026,Genesis Scottish Open,2026-07-12,Dylan Frittelli,6100,0.043,0.1624,0.494,0.0007,-11.0,1000.0,-0.37,2026-07-17 13:00
2026,Genesis Scottish Open,2026-07-12,Nicolai Von Dellingshausen,6000,0.041,0.1561,0.5145,0.0001,39.0,1000.0,-0.18,2026-07-17 13:00
2026,Genesis Scottish Open,2026-07-12,Taehoon Ok,6100,0.04,0.1417,0.5006,0.0003,13.5,1000.0,-0.34,2026-07-17 13:00
2026,Genesis Scottish Open,2026-07-12,Frederic Lacroix,6500,0.04,0.1943,0.4728,0.0011,-39.0,600.0,-0.34,2026-07-17 13:00
2026,Genesis Scottish Open,2026-07-12,Darius Van Driel,6200,0.04,0.1465,0.5118,0.0001,36.0,1000.0,-0.24,2026-07-17 13:00
2026,Genesis Scottish Open,2026-07-12,Charley Hoffman,6200,0.038,0.1369,0.4792,0.0007,-19.0,1000.0,-1.44,2026-07-17 13:00
2026,Genesis Scottish Open,2026-07-12,Danny Willett,6300,0.038,0.1656,0.4956,0.0007,-10.0,1000.0,-0.79,2026-07-17 13:00
2026,Genesis Scottish Open,2026-07-12,Dylan Naidoo,6000,0.038,0.1258,0.4961,0.0003,8.5,1000.0,-0.24,2026-07-17 13:00
2026,Genesis Scottish Open,2026-07-12,Seungbin Choi,6000,0.038,0.1354,0.4976,0.0003,11.5,1000.0,-0.17,2026-07-17 13:00
2026,Genesis Scottish Open,2026-07-12,Ashun Wu,6100,0.038,0.1322,0.4974,0.0003,10.5,1000.0,-0.2,2026-07-17 13:00
2026,Genesis Scottish Open,2026-07-12,Brian Campbell,6200,0.038,0.1529,0.4892,0.0007,-14.0,1000.0,-1.28,2026-07-17 13:00
2026,Genesis Scottish Open,2026-07-12,Cam Davis,6100,0.038,0.1401,0.48,0.0007,-18.0,1000.0,-1.84,2026-07-17 13:00
2026,Genesis Scottish Open,2026-07-12,Pablo Larrazabal,6000,0.037,0.1688,0.4958,0.0007,-9.0,1000.0,-0.27,2026-07-17 13:00
2026,Genesis Scottish Open,2026-07-12,Adrian Otaegui,6300,0.037,0.1783,0.4972,0.0007,-6.0,1000.0,-0.32,2026-07-17 13:00
2026,Genesis Scottish Open,2026-07-12,Joe Highsmith,6100,0.034,0.1003,0.4852,0.0003,0.5,1000.0,-1.28,2026-07-17 13:00
2026,Genesis Scottish Open,2026-07-12,Hennie Du Plessis,7000,0.032,0.0478,0.4553,0.0001,5.0,1000.0,-1.5,2026-07-17 13:00
2026,Genesis Scottish Open,2026-07-12,Ryggs Johnston,6000,0.032,0.1099,0.4935,0.0003,3.5,1000.0,-0.29,2026-07-17 13:00
2026,Genesis Scottish Open,2026-07-12,Yurav Premlall,6200,0.031,0.1561,0.4901,0.0007,-13.0,1000.0,-0.34,2026-07-17 13:00
2026,Genesis Scottish Open,2026-07-12,Junghwan Lee,6100,0.026,0.0621,0.4525,0.0003,-11.5,1000.0,-0.11,2026-07-17 13:00
2026,Genesis Scottish Open,2026-07-12,Ockie Strydom,6000,0.023,0.035,0.4523,0.0002,-9.0,1000.0,-0.27,2026-07-17 13:00
2026,Genesis Scottish Open,2026-07-12,Eugenio Lopez-Chacarra,7600,0.02,0.0382,0.4527,0.0001,2.0,1000.0,-0.34,2026-07-17 13:00
2026,Genesis Scottish Open,2026-07-12,Angel Ayora,7400,0.02,0.0382,0.4527,0.0001,2.0,1000.0,-0.34,2026-07-17 13:00
2026,Genesis Scottish Open,2026-07-12,Jordan Smith,7100,0.02,0.0382,0.4527,0.0001,2.0,1000.0,-0.34,2026-07-17 13:00
2026,Genesis Scottish Open,2026-07-12,Jayden Trey Schaper,6900,0.02,0.0382,0.4527,0.0001,2.0,1000.0,-0.34,2026-07-17 13:00
2026,Genesis Scottish Open,2026-07-12,Niklas Norgaard Moller,6500,0.02,0.0382,0.4527,0.0001,2.0,1000.0,-0.34,2026-07-17 13:00
2026,Genesis Scottish Open,2026-07-12,Daniel Rodrigues,6000,0.019,0.0573,0.4525,0.0003,-13.0,1000.0,-0.34,2026-07-17 13:00
2026,Genesis Scottish Open,2026-07-12,Baekjun Kim,6000,0.019,0.0573,0.4525,0.0003,-13.0,1000.0,-0.34,2026-07-17 13:00
2026,The Open Championship,2026-07-19,Scottie Scheffler,13300,0.778,1.0,0.8531,0.0837,0.0,7.5,2.25,2026-07-17 13:00
2026,The Open Championship,2026-07-19,Rory McIlroy,11900,0.663,0.9936,0.8081,0.0749,0.0,8.5,1.75,2026-07-17 13:00
2026,The Open Championship,2026-07-19,Tommy Fleetwood,10500,0.598,0.9856,0.7927,0.0418,0.5,16.0,1.4,2026-07-17 13:00
2026,The Open Championship,2026-07-19,Matt Fitzpatrick,10000,0.555,0.9824,0.786,0.0418,-0.5,16.0,1.56,2026-07-17 13:00
2026,The Open Championship,2026-07-19,Ludvig Aberg,9300,0.448,0.9407,0.7201,0.0229,-3.5,30.0,1.06,2026-07-17 13:00
2026,The Open Championship,2026-07-19,Collin Morikawa,8700,0.438,0.9503,0.7244,0.0229,-0.5,30.0,1.25,2026-07-17 13:00
2026,The Open Championship,2026-07-19,Wyndham Clark,8200,0.438,0.9455,0.7297,0.0198,7.0,35.0,1.43,2026-07-17 13:00
2026,The Open Championship,2026-07-19,Robert MacIntyre,8000,0.435,0.9567,0.7265,0.0229,1.5,30.0,0.92,2026-07-17 13:00
2026,The Open Championship,2026-07-19,Xander Schauffele,9800,0.43,0.9535,0.7217,0.0274,-5.5,25.0,0.89,2026-07-17 13:00
2026,The Open Championship,2026-07-19,Viktor Hovland,8300,0.425,0.9231,0.7154,0.0198,0.0,35.0,1.01,2026-07-17 13:00
2026,The Open Championship,2026-07-19,Chris Gotterup,8500,0.425,0.9535,0.7252,0.0229,0.5,30.0,1.09,2026-07-17 13:00
2026,The Open Championship,2026-07-19,Cameron Young,9000,0.409,0.9327,0.7224,0.0198,3.0,35.0,1.04,2026-07-17 13:00
2026,The Open Championship,2026-07-19,Justin Rose,9100,0.395,0.9103,0.7097,0.0198,-4.0,35.0,0.78,2026-07-17 13:00
2026,The Open Championship,2026-07-19,Tyrrell Hatton,8900,0.391,0.9071,0.7088,0.0198,-5.0,35.0,1.6,2026-07-17 13:00
2026,The Open Championship,2026-07-19,Russell Henley,7700,0.382,0.8766,0.692,0.0155,-7.5,45.0,0.99,2026-07-17 13:00
2026,The Open Championship,2026-07-19,Si Woo Kim,6900,0.371,0.8894,0.7039,0.0155,-3.5,45.0,1.17,2026-07-17 13:00
2026,The Open Championship,2026-07-19,Justin Thomas,7500,0.368,0.8766,0.7081,0.0127,2.5,55.0,0.75,2026-07-17 13:00
2026,The Open Championship,2026-07-19,Sam Burns,7800,0.368,0.9006,0.7146,0.0139,5.0,50.0,1.25,2026-07-17 13:00
2026,The Open Championship,2026-07-19,Jon Rahm,9700,0.362,0.9728,0.7344,0.0274,0.5,25.0,0.93,2026-07-17 13:00
2026,The Open Championship,2026-07-19,Patrick Cantlay,7000,0.361,0.8365,0.6836,0.0117,-3.0,60.0,0.95,2026-07-17 13:00
2026,The Open Championship,2026-07-19,Min Woo Lee,6900,0.348,0.8782,0.7037,0.0139,-2.0,50.0,0.66,2026-07-17 13:00
2026,The Open Championship,2026-07-19,Alex Fitzpatrick,7400,0.33,0.8141,0.6719,0.0108,-4.0,65.0,1.16,2026-07-17 13:00
2026,The Open Championship,2026-07-19,Tom Kim,6800,0.328,0.8654,0.69,0.0139,-6.0,50.0,0.82,2026-07-17 13:00
2026,The Open Championship,2026-07-19,Shane Lowry,7900,0.31,0.8301,0.6748,0.0117,-5.0,60.0,0.61,2026-07-17 13:00
2026,The Open Championship,2026-07-19,Patrick Reed,7000,0.306,0.8205,0.6683,0.0117,-8.0,60.0,1.39,2026-07-17 13:00
2026,The Open Championship,2026-07-19,Joaquin Niemann,7300,0.306,0.8381,0.6729,0.0127,-9.5,55.0,1.48,2026-07-17 13:00
2026,The Open Championship,2026-07-19,Hideki Matsuyama,6900,0.295,0.8349,0.6946,0.0088,7.5,80.0,0.53,2026-07-17 13:00
2026,The Open Championship,2026-07-19,Brooks Koepka,7600,0.294,0.8109,0.6653,0.0117,-11.0,60.0,0.61,2026-07-17 13:00
2026,The Open Championship,2026-07-19,J.J. Spaun,6700,0.293,0.8317,0.6947,0.0078,10.5,90.0,0.91,2026-07-17 13:00
2026,The Open Championship,2026-07-19,Ben Griffin,6800,0.293,0.8381,0.7142,0.007,22.5,100.0,0.97,2026-07-17 13:00
2026,The Open Championship,2026-07-19,Aaron Rai,7100,0.291,0.8205,0.6798,0.01,0.0,70.0,0.49,2026-07-17 13:00
2026,The Open Championship,2026-07-19,Maverick McNealy,6700,0.276,0.8029,0.688,0.007,11.5,100.0,0.8,2026-07-17 13:00
2026,The Open Championship,2026-07-19,Kurt Kitayama,6500,0.265,0.7612,0.6362,0.007,-1.5,100.0,0.63,2026-07-17 13:00
2026,The Open Championship,2026-07-19,Harris English,6700,0.262,0.8349,0.71,0.007,21.5,100.0,0.65,2026-07-17 13:00
2026,The Open Championship,2026-07-19,Jordan Spieth,7200,0.261,0.7997,0.6673,0.0088,-3.5,80.0,0.2,2026-07-17 13:00
2026,The Open Championship,2026-07-19,Keegan Bradley,6500,0.256,0.7756,0.6836,0.0056,18.0,125.0,0.54,2026-07-17 13:00
2026,The Open Championship,2026-07-19,Akshay Bhatia,6600,0.252,0.7356,0.6268,0.007,-9.5,100.0,0.78,2026-07-17 13:00
2026,The Open Championship,2026-07-19,Rickie Fowler,6500,0.25,0.7388,0.6284,0.007,-8.5,100.0,0.45,2026-07-17 13:00
2026,The Open Championship,2026-07-19,Kristoffer Reitan,6500,0.247,0.7548,0.635,0.007,-3.5,100.0,0.46,2026-07-17 13:00
2026,The Open Championship,2026-07-19,Bryson DeChambeau,8400,0.242,0.8045,0.6375,0.0117,-13.0,60.0,-0.07,2026-07-17 13:00
2026,The Open Championship,2026-07-19,Nicolai Hojgaard,6600,0.232,0.7163,0.6163,0.0078,-25.5,90.0,0.68,2026-07-17 13:00
2026,The Open Championship,2026-07-19,Jacob Bridgeman,6400,0.224,0.7051,0.6341,0.0047,10.0,150.0,0.58,2026-07-17 13:00
2026,The Open Championship,2026-07-19,Alex Noren,6400,0.222,0.75,0.666,0.0056,10.0,125.0,0.24,2026-07-17 13:00
2026,The Open Championship,2026-07-19,Michael Thorbjornsen,6100,0.222,0.7179,0.6298,0.0056,0.0,125.0,0.52,2026-07-17 13:00
2026,The Open Championship,2026-07-19,Ryan Gerard,6400,0.218,0.7212,0.6319,0.0056,1.0,125.0,0.68,2026-07-17 13:00
2026,The Open Championship,2026-07-19,Adam Scott,6500,0.217,0.7019,0.6225,0.0056,-5.0,125.0,0.32,2026-07-17 13:00
2026,The Open Championship,2026-07-19,Brian Harman,6600,0.211,0.7244,0.6322,0.0056,2.0,125.0,0.18,2026-07-17 13:00
2026,The Open Championship,2026-07-19,Corey Conners,6800,0.211,0.734,0.6361,0.0056,5.0,125.0,0.08,2026-07-17 13:00
2026,The Open Championship,2026-07-19,Ryan Fox,6300,0.204,0.6827,0.6247,0.0047,3.0,150.0,0.29,2026-07-17 13:00
2026,The Open Championship,2026-07-19,Sepp Straka,6600,0.203,0.7212,0.6474,0.0047,15.0,150.0,-0.31,2026-07-17 13:00
2026,The Open Championship,2026-07-19,Cameron Smith,6800,0.198,0.7228,0.6218,0.007,-13.5,100.0,0.42,2026-07-17 13:00
2026,The Open Championship,2026-07-19,Rasmus Hojgaard,6300,0.192,0.6603,0.6168,0.0047,-4.0,150.0,0.1,2026-07-17 13:00
2026,The Open Championship,2026-07-19,Victor Perez,6400,0.19,0.6859,0.6258,0.0047,4.0,150.0,1.09,2026-07-17 13:00
2026,The Open Championship,2026-07-19,Marco Penge,6700,0.184,0.641,0.6148,0.0047,-10.0,150.0,-0.48,2026-07-17 13:00
2026,The Open Championship,2026-07-19,Bud Cauley,6000,0.182,0.649,0.6192,0.004,5.5,175.0,0.35,2026-07-17 13:00
2026,The Open Championship,2026-07-19,David Puig,6500,0.179,0.6314,0.6112,0.0047,-13.0,150.0,0.22,2026-07-17 13:00
2026,The Open Championship,2026-07-19,Jake Knapp,6700,0.174,0.6522,0.6205,0.004,6.5,175.0,0.52,2026-07-17 13:00
2026,The Open Championship,2026-07-19,Keith Mitchell,6100,0.172,0.6042,0.6167,0.0035,11.5,200.0,0.73,2026-07-17 13:00
2026,The Open Championship,2026-07-19,Max Homa,6400,0.17,0.6234,0.6149,0.004,-2.5,175.0,0.4,2026-07-17 13:00
2026,The Open Championship,2026-07-19,Jason Day,6400,0.169,0.5978,0.607,0.004,-10.5,175.0,-0.02,2026-07-17 13:00
2026,The Open Championship,2026-07-19,Sahith Theegala,6200,0.167,0.6298,0.6153,0.004,-0.5,175.0,0.26,2026-07-17 13:00
2026,The Open Championship,2026-07-19,Alex Smalley,6000,0.167,0.6138,0.6177,0.0035,14.5,200.0,0.51,2026-07-17 13:00
2026,The Open Championship,2026-07-19,J.T. Poston,6100,0.165,0.6106,0.6176,0.0035,13.5,200.0,0.32,2026-07-17 13:00
2026,The Open Championship,2026-07-19,Gary Woodland,6300,0.164,0.5817,0.6123,0.0035,4.5,200.0,0.33,2026-07-17 13:00
2026,The Open Championship,2026-07-19,Ryo Hisatsune,6100,0.162,0.5849,0.6128,0.0035,5.5,200.0,0.28,2026-07-17 13:00
2026,The Open Championship,2026-07-19,Johnny Keefer,6000,0.162,0.5753,0.6104,0.0035,2.5,200.0,0.32,2026-07-17 13:00
2026,The Open Championship,2026-07-19,Matt Wallace,6300,0.162,0.6266,0.615,0.004,-1.5,175.0,0.33,2026-07-17 13:00
2026,The Open Championship,2026-07-19,Sungjae Im,6200,0.16,0.5625,0.6039,0.0035,-1.5,200.0,-0.05,2026-07-17 13:00
2026,The Open Championship,2026-07-19,Max Greyserman,6000,0.159,0.5689,0.6084,0.0035,0.5,200.0,0.1,2026-07-17 13:00
2026,The Open Championship,2026-07-19,Rasmus Neergaard-Petersen,6200,0.159,0.5721,0.6086,0.0035,1.5,200.0,0.34,2026-07-17 13:00
2026,The Open Championship,2026-07-19,Daniel Berger,6200,0.151,0.5593,0.6037,0.0035,-2.5,200.0,-0.02,2026-07-17 13:00
2026,The Open Championship,2026-07-19,Harry Hall,6300,0.15,0.5561,0.5996,0.0035,-3.5,200.0,0.12,2026-07-17 13:00
2026,The Open Championship,2026-07-19,Pierceson Coody,5900,0.146,0.484,0.5921,0.0024,13.0,300.0,0.37,2026-07-17 13:00
2026,The Open Championship,2026-07-19,Michael Brennan,5900,0.146,0.4984,0.5874,0.0028,2.5,250.0,0.24,2026-07-17 13:00
2026,The Open Championship,2026-07-19,Haotong Li,6200,0.145,0.5529,0.5949,0.0035,-4.5,200.0,-0.12,2026-07-17 13:00
2026,The Open Championship,2026-07-19,Jesper Svensson,5700,0.142,0.4776,0.5894,0.0024,11.0,300.0,0.32,2026-07-17 13:00
2026,The Open Championship,2026-07-19,Nick Taylor,5900,0.141,0.5048,0.5909,0.0028,4.5,250.0,0.38,2026-07-17 13:00
2026,The Open Championship,2026-07-19,Keita Nakajima,5400,0.14,0.4792,0.5821,0.0028,-3.5,250.0,0.64,2026-07-17 13:00
2026,The Open Championship,2026-07-19,Eric Cole,6000,0.139,0.4952,0.5855,0.0028,1.5,250.0,0.5,2026-07-17 13:00
2026,The Open Championship,2026-07-19,Matt McCarty,5600,0.137,0.4583,0.5821,0.0024,5.0,300.0,0.09,2026-07-17 13:00
2026,The Open Championship,2026-07-19,Michael Kim,5800,0.136,0.492,0.5848,0.0028,0.5,250.0,0.06,2026-07-17 13:00
2026,The Open Championship,2026-07-19,Sam Stevens,5700,0.135,0.4343,0.5794,0.002,8.5,350.0,-0.02,2026-07-17 13:00
2026,The Open Championship,2026-07-19,Jackson Suber,5700,0.134,0.4888,0.5842,0.0028,-0.5,250.0,0.6,2026-07-17 13:00
2026,The Open Championship,2026-07-19,Tom McKibbin,6000,0.133,0.5497,0.594,0.0035,-5.5,200.0,0.07,2026-07-17 13:00
2026,The Open Championship,2026-07-19,Thomas Detry,6100,0.133,0.524,0.5833,0.0035,-13.5,200.0,-0.21,2026-07-17 13:00
2026,The Open Championship,2026-07-19,Andrew Novak,5900,0.125,0.4696,0.5714,0.0028,-6.5,250.0,-0.14,2026-07-17 13:00
2026,The Open Championship,2026-07-19,Francesco Molinari,5600,0.122,0.4006,0.5673,0.0018,9.0,400.0,0.77,2026-07-17 13:00
2026,The Open Championship,2026-07-19,John Parry,5800,0.114,0.4247,0.5711,0.002,5.5,350.0,-0.12,2026-07-17 13:00
2026,The Open Championship,2026-07-19,Laurie Canter,5600,0.113,0.4215,0.5678,0.002,4.5,350.0,0.24,2026-07-17 13:00
2026,The Open Championship,2026-07-19,Sami Valimaki,5700,0.113,0.4311,0.5738,0.002,7.5,350.0,-0.08,2026-07-17 13:00
2026,The Open Championship,2026-07-19,Billy Horschel,5800,0.11,0.4022,0.56,0.002,-1.5,350.0,-0.31,2026-07-17 13:00
2026,The Open Championship,2026-07-19,Casey Jarvis,6000,0.11,0.4535,0.5669,0.0028,-11.5,250.0,0.23,2026-07-17 13:00
2026,The Open Championship,2026-07-19,Matthew Jordan,5700,0.106,0.4503,0.5644,0.0028,-12.5,250.0,0.03,2026-07-17 13:00
2026,The Open Championship,2026-07-19,Nico Echavarria,5500,0.105,0.3974,0.5671,0.0018,8.0,400.0,-0.09,2026-07-17 13:00
2026,The Open Championship,2026-07-19,Lucas Herbert,6100,0.102,0.4407,0.5587,0.0028,-15.5,250.0,-0.13,2026-07-17 13:00
2026,The Open Championship,2026-07-19,Daniel Hillier,5900,0.1,0.4231,0.561,0.0024,-6.0,300.0,-0.39,2026-07-17 13:00
2026,The Open Championship,2026-07-19,Andy Sullivan,5500,0.099,0.375,0.5537,0.0018,1.0,400.0,0.55,2026-07-17 13:00
2026,The Open Championship,2026-07-19,Daniel Brown,5600,0.096,0.359,0.5465,0.0018,-4.0,400.0,-0.39,2026-07-17 13:00
2026,The Open Championship,2026-07-19,Shaun Norris,5500,0.096,0.3446,0.5522,0.0014,8.5,500.0,0.35,2026-07-17 13:00
2026,The Open Championship,2026-07-19,Bernd Wiesberger,5800,0.092,0.3846,0.5345,0.0024,-18.0,300.0,-1.08,2026-07-17 13:00
2026,The Open Championship,2026-07-19,Peter Uihlein,5600,0.087,0.3413,0.5487,0.0014,7.5,500.0,0.08,2026-07-17 13:00
2026,The Open Championship,2026-07-19,Scott Vincent,5800,0.085,0.3734,0.5445,0.002,-10.5,350.0,0.01,2026-07-17 13:00
2026,The Open Championship,2026-07-19,Antoine Rozner,5500,0.085,0.351,0.5545,0.0014,10.5,500.0,-0.12,2026-07-17 13:00
2026,The Open Championship,2026-07-19,Adrien Saddier,5300,0.082,0.3381,0.5478,0.0014,6.5,500.0,-0.43,2026-07-17 13:00
2026,The Open Championship,2026-07-19,Caleb Surratt,5400,0.08,0.3253,0.5397,0.0014,2.5,500.0,-0.38,2026-07-17 13:00
2026,The Open Championship,2026-07-19,Ren Yonezawa,5200,0.078,0.2756,0.5465,0.0007,24.0,1000.0,0.39,2026-07-17 13:00
2026,The Open Championship,2026-07-19,Dan Bradbury,5400,0.075,0.3157,0.5228,0.0014,-0.5,500.0,-0.17,2026-07-17 13:00
2026,The Open Championship,2026-07-19,Joakim Lagergren,5300,0.073,0.2869,0.5218,0.0012,6.5,600.0,-0.26,2026-07-17 13:00
2026,The Open Championship,2026-07-19,Stewart Cink,5500,0.073,0.2917,0.4943,0.0018,-25.0,400.0,-0.23,2026-07-17 13:00
2026,The Open Championship,2026-07-19,Martin Couvra,5400,0.069,0.2356,0.4924,0.0012,-9.5,600.0,-1.8,2026-07-17 13:00
2026,The Open Championship,2026-07-19,Francesco Laporta,5600,0.066,0.3093,0.5205,0.0014,-2.5,500.0,0.05,2026-07-17 13:00
2026,The Open Championship,2026-07-19,Kazuma Kobori,5400,0.065,0.2676,0.5148,0.0012,0.5,600.0,0.0,2026-07-17 13:00
2026,The Open Championship,2026-07-19,Joe Dean,5600,0.064,0.3061,0.5177,0.0014,-3.5,500.0,-0.08,2026-07-17 13:00
2026,The Open Championship,2026-07-19,Padraig Harrington,5500,0.062,0.2772,0.5175,0.0012,3.5,600.0,-0.87,2026-07-17 13:00
2026,The Open Championship,2026-07-19,Kazuki Higa,5200,0.062,0.2308,0.5117,0.0007,10.0,1000.0,-0.15,2026-07-17 13:00
2026,The Open Championship,2026-07-19,Michael Hollick,5300,0.061,0.2965,0.5161,0.0014,-6.5,500.0,-0.34,2026-07-17 13:00
2026,The Open Championship,2026-07-19,Matthew Baldwin,5200,0.058,0.2804,0.5074,0.0014,-11.5,500.0,-0.15,2026-07-17 13:00
2026,The Open Championship,2026-07-19,James Nicholas,5200,0.057,0.2596,0.5321,0.0007,19.0,1000.0,-0.56,2026-07-17 13:00
2026,The Open Championship,2026-07-19,Sam Bairstow,5200,0.055,0.2468,0.5088,0.0009,1.0,800.0,-0.13,2026-07-17 13:00
2026,The Open Championship,2026-07-19,Kota Kaneko,5400,0.052,0.2388,0.4739,0.0014,-24.5,500.0,-1.1,2026-07-17 13:00
2026,The Open Championship,2026-07-19,MJ Daffue,5400,0.049,0.2212,0.491,0.0009,-7.0,800.0,-0.18,2026-07-17 13:00
2026,The Open Championship,2026-07-19,Travis Smyth,5200,0.047,0.1731,0.4713,0.0007,-8.0,1000.0,-0.42,2026-07-17 13:00
2026,The Open Championship,2026-07-19,Alistair Docherty,5500,0.047,0.2179,0.5015,0.0007,6.0,1000.0,-0.25,2026-07-17 13:00
2026,The Open Championship,2026-07-19,Matthew Southgate,5300,0.046,0.2147,0.4967,0.0007,5.0,1000.0,-0.01,2026-07-17 13:00
2026,The Open Championship,2026-07-19,Austen Truslow,5100,0.045,0.2115,0.4965,0.0007,4.0,1000.0,-0.11,2026-07-17 13:00
2026,The Open Championship,2026-07-19,Josele Ballester,5600,0.044,0.2356,0.4737,0.0014,-25.5,500.0,-0.34,2026-07-17 13:00
2026,The Open Championship,2026-07-19,Henrik Stenson,5200,0.041,0.1859,0.481,0.0007,-4.0,1000.0,0.04,2026-07-17 13:00
2026,The Open Championship,2026-07-19,Naoyuki Kataoka,5300,0.041,0.1827,0.4788,0.0007,-5.0,1000.0,-1.91,2026-07-17 13:00
2026,The Open Championship,2026-07-19,Ryutaro Nagano,5100,0.04,0.2083,0.4951,0.0007,3.0,1000.0,-0.34,2026-07-17 13:00
2026,The Open Championship,2026-07-19,Hennie Du Plessis,5700,0.039,0.1538,0.5173,0.0001,40.0,1000.0,-0.99,2026-07-17 13:00
2026,The Open Championship,2026-07-19,Frederic Lacroix,5800,0.039,0.1923,0.4695,0.0009,-16.0,800.0,-0.34,2026-07-17 13:00
2026,The Open Championship,2026-07-19,Louis Oosthuizen,5900,0.038,0.141,0.5105,0.0001,36.0,1000.0,-0.13,2026-07-17 13:00
2026,The Open Championship,2026-07-19,Jeongwoo Ham,5300,0.031,0.1667,0.4654,0.0007,-10.0,1000.0,-0.34,2026-07-17 13:00
2026,The Open Championship,2026-07-19,Jack McDonald,5100,0.028,0.1298,0.4826,0.0002,15.5,1000.0,0.0,2026-07-17 13:00
2026,The Open Championship,2026-07-19,Cameron John,5200,0.027,0.1619,0.4892,0.0004,9.5,1000.0,-0.34,2026-07-17 13:00
2026,The Open Championship,2026-07-19,Jack Buchanan,5300,0.026,0.1587,0.4891,0.0004,8.5,1000.0,-0.34,2026-07-17 13:00
2026,The Open Championship,2026-07-19,Mason Howell,5100,0.023,0.1266,0.453,0.0004,-1.5,1000.0,-1.56,2026-07-17 13:00
2026,The Open Championship,2026-07-19,Darren Clarke,5100,0.023,0.1042,0.4526,0.0004,-8.5,1000.0,-0.14,2026-07-17 13:00
2026,The Open Championship,2026-07-19,Mateo Pulcini,5000,0.023,0.0721,0.4523,0.0002,-2.5,1000.0,-2.22,2026-07-17 13:00
2026,The Open Championship,2026-07-19,Fifa Laopakdee,5000,0.023,0.0753,0.4524,0.0002,-1.5,1000.0,-1.26,2026-07-17 13:00
2026,The Open Championship,2026-07-19,Angel Ayora,6200,0.02,0.0369,0.4523,0.0001,3.5,1000.0,-0.34,2026-07-17 13:00
2026,The Open Championship,2026-07-19,Jayden Trey Schaper,6200,0.02,0.0369,0.4523,0.0001,3.5,1000.0,-0.34,2026-07-17 13:00
2026,The Open Championship,2026-07-19,Jordan Smith,6100,0.02,0.0369,0.4523,0.0001,3.5,1000.0,-0.34,2026-07-17 13:00
2026,The Open Championship,2026-07-19,Eugenio Lopez-Chacarra,6700,0.02,0.0369,0.4523,0.0001,3.5,1000.0,-0.34,2026-07-17 13:00
2026,The Open Championship,2026-07-19,Thomas Sloman,5000,0.02,0.0769,0.4535,0.0001,16.0,1000.0,-0.34,2026-07-17 13:00
2026,The Open Championship,2026-07-19,Tim Wiedemeyer,5200,0.018,0.1154,0.4526,0.0004,-5.0,1000.0,-0.34,2026-07-17 13:00
2026,The Open Championship,2026-07-19,Stuart Grehan,5100,0.018,0.1154,0.4526,0.0004,-5.0,1000.0,-0.34,2026-07-17 13:00
2026,The Open Championship,2026-07-19,Lev Grinberg,5100,0.018,0.1154,0.4526,0.0004,-5.0,1000.0,-0.34,2026-07-17 13:00
2026,The Open Championship,2026-07-19,Baard Bjoernevik Skogen,5000,0.018,0.1154,0.4526,0.0004,-5.0,1000.0,-0.34,2026-07-17 13:00
2026,The Open Championship,2026-07-19,Tiger Christensen,5100,0.018,0.1154,0.4526,0.0004,-5.0,1000.0,-0.34,2026-07-17 13:00
2026,The Open Championship,2026-07-19,Marcus Plunkett,5100,0.018,0.0497,0.4521,0.0002,-9.5,1000.0,-0.34,2026-07-17 13:00
2026,The Open Championship,2026-07-19,Nevill Ruiter,5000,0.018,0.0497,0.4521,0.0002,-9.5,1000.0,-0.34,2026-07-17 13:00
2026,The Open Championship,2026-07-19,Jiho Yang,5000,0.018,0.0497,0.4521,0.0002,-9.5,1000.0,-0.34,2026-07-17 13:00
2026,The Open Championship,2026-07-19,Alejandro De Castro Piera,5000,0.018,0.1154,0.4526,0.0004,-5.0,1000.0,-0.34,2026-07-17 13:00
2026,The Open Championship,2026-07-19,David Howard,5000,0.018,0.0369,0.4521,0.0001,-5.5,1000.0,-0.34,2026-07-17 13:00
2026,The Open Championship,2026-07-19,David Duval,5000,0.018,0.0369,0.4521,0.0001,-5.5,1000.0,-0.34,2026-07-17 13:00
2026,3M Open,2026-07-26,Scottie Scheffler,14900,0.863,1.0,0.8744,0.186,0.0,2.75,2.26,2026-07-21 15:55
2026,3M Open,2026-07-26,Maverick McNealy,9900,0.424,0.9911,0.7153,0.0268,0.5,25.0,0.73,2026-07-21 15:55
2026,3M Open,2026-07-26,Hideki Matsuyama,9700,0.42,0.9768,0.71,0.0225,2.5,30.0,0.63,2026-07-21 15:55
2026,3M Open,2026-07-26,Kurt Kitayama,9800,0.417,0.9768,0.6907,0.0268,-3.5,25.0,0.66,2026-07-21 15:55
2026,3M Open,2026-07-26,Tom Kim,9300,0.392,0.9696,0.7007,0.0225,0.5,30.0,0.75,2026-07-21 15:55
2026,3M Open,2026-07-26,Keith Mitchell,9500,0.373,0.9732,0.7044,0.0225,1.5,30.0,0.67,2026-07-21 15:55
2026,3M Open,2026-07-26,Corey Conners,8700,0.345,0.925,0.6608,0.017,-5.0,40.0,0.21,2026-07-21 15:55
2026,3M Open,2026-07-26,Jake Knapp,9400,0.344,0.95,0.6806,0.0194,0.0,35.0,0.48,2026-07-21 15:55
2026,3M Open,2026-07-26,Doug Ghim,9000,0.33,0.9179,0.6684,0.0137,1.0,50.0,0.8,2026-07-21 15:55
2026,3M Open,2026-07-26,Max Homa,8600,0.325,0.9286,0.6773,0.0137,4.0,50.0,0.48,2026-07-21 15:55
2026,3M Open,2026-07-26,Jackson Koivun,9200,0.32,0.9625,0.688,0.0225,-1.5,30.0,0.48,2026-07-21 15:55
2026,3M Open,2026-07-26,Jackson Suber,8900,0.316,0.9357,0.6718,0.0152,0.0,45.0,0.66,2026-07-21 15:55
2026,3M Open,2026-07-26,Jordan Smith,8300,0.309,0.9143,0.6663,0.0137,0.0,50.0,0.41,2026-07-21 15:55
2026,3M Open,2026-07-26,Mac Meissner,8100,0.305,0.8857,0.6582,0.0114,4.0,60.0,0.6,2026-07-21 15:55
2026,3M Open,2026-07-26,Johnny Keefer,7800,0.301,0.8875,0.6409,0.0125,-0.5,55.0,0.31,2026-07-21 15:55
2026,3M Open,2026-07-26,Pierceson Coody,9100,0.301,0.9214,0.6687,0.0137,2.0,50.0,0.44,2026-07-21 15:55
2026,3M Open,2026-07-26,Sam Stevens,8400,0.301,0.8911,0.6465,0.0125,0.5,55.0,-0.02,2026-07-21 15:55
2026,3M Open,2026-07-26,Sungjae Im,8500,0.29,0.8607,0.6216,0.0137,-15.0,50.0,0.1,2026-07-21 15:55
2026,3M Open,2026-07-26,Michael Brennan,7800,0.278,0.8482,0.6264,0.0106,-1.5,65.0,0.26,2026-07-21 15:55
2026,3M Open,2026-07-26,Gary Woodland,8800,0.277,0.8679,0.6369,0.0114,-1.0,60.0,0.14,2026-07-21 15:55
2026,3M Open,2026-07-26,Rasmus Neergaard-Petersen,7700,0.267,0.8411,0.6257,0.0106,-3.5,65.0,0.55,2026-07-21 15:55
2026,3M Open,2026-07-26,Jason Day,7600,0.259,0.825,0.6253,0.0098,-1.0,70.0,-0.09,2026-07-21 15:55
2026,3M Open,2026-07-26,Sudarshan Yellamaraju,7900,0.259,0.8,0.6157,0.0098,-8.0,70.0,0.46,2026-07-21 15:55
2026,3M Open,2026-07-26,Max Greyserman,7700,0.258,0.7857,0.6059,0.0098,-12.0,70.0,0.01,2026-07-21 15:55
2026,3M Open,2026-07-26,Tony Finau,8200,0.25,0.8321,0.6186,0.0114,-11.0,60.0,-0.05,2026-07-21 15:55
2026,3M Open,2026-07-26,Michael Kim,7200,0.247,0.8089,0.6294,0.0086,11.5,80.0,-0.01,2026-07-21 15:55
2026,3M Open,2026-07-26,Christiaan Bezuidenhout,7900,0.246,0.8536,0.6391,0.0098,7.0,70.0,0.59,2026-07-21 15:55
2026,3M Open,2026-07-26,Steven Fisk,7500,0.237,0.7768,0.6175,0.0086,2.5,80.0,0.06,2026-07-21 15:55
2026,3M Open,2026-07-26,Emiliano Grillo,7300,0.233,0.8143,0.6187,0.0098,-4.0,70.0,0.19,2026-07-21 15:55
2026,3M Open,2026-07-26,Brian Harman,7400,0.231,0.8018,0.6262,0.0086,9.5,80.0,0.02,2026-07-21 15:55
2026,3M Open,2026-07-26,Aldrich Potgieter,7400,0.23,0.7518,0.6057,0.0086,-4.5,80.0,-0.08,2026-07-21 15:55
2026,3M Open,2026-07-26,Ben Kohles,7300,0.225,0.8375,0.6378,0.0092,9.5,75.0,0.65,2026-07-21 15:55
2026,3M Open,2026-07-26,Casey Jarvis,7300,0.224,0.7839,0.6142,0.0092,-5.5,75.0,0.79,2026-07-21 15:55
2026,3M Open,2026-07-26,Kevin Yu,7400,0.224,0.7732,0.6168,0.0086,1.5,80.0,0.18,2026-07-21 15:55
2026,3M Open,2026-07-26,Max McGreevy,7100,0.221,0.7161,0.5978,0.0077,-4.5,90.0,0.39,2026-07-21 15:55
2026,3M Open,2026-07-26,William Mouw,7500,0.22,0.7911,0.6241,0.0086,6.5,80.0,0.1,2026-07-21 15:55
2026,3M Open,2026-07-26,Lee Hodges,7200,0.218,0.6911,0.598,0.0069,4.5,100.0,0.4,2026-07-21 15:55
2026,3M Open,2026-07-26,Davis Thompson,7600,0.218,0.7625,0.6121,0.0086,-1.5,80.0,0.13,2026-07-21 15:55
2026,3M Open,2026-07-26,Taylor Pendrith,7400,0.218,0.7589,0.6083,0.0086,-2.5,80.0,-0.25,2026-07-21 15:55
2026,3M Open,2026-07-26,Rico Hoey,7200,0.214,0.7661,0.631,0.0069,25.5,100.0,0.22,2026-07-21 15:55
2026,3M Open,2026-07-26,Stephan Jaeger,7400,0.21,0.6768,0.596,0.0069,0.5,100.0,0.24,2026-07-21 15:55
2026,3M Open,2026-07-26,Keita Nakajima,7200,0.207,0.6696,0.5944,0.0069,-1.5,100.0,0.54,2026-07-21 15:55
2026,3M Open,2026-07-26,John Parry,7300,0.207,0.6661,0.5936,0.0069,-2.5,100.0,0.04,2026-07-21 15:55
2026,3M Open,2026-07-26,Denny McCarthy,7100,0.206,0.6982,0.6015,0.0069,6.5,100.0,0.0,2026-07-21 15:55
2026,3M Open,2026-07-26,Billy Horschel,7000,0.205,0.5875,0.5793,0.0055,-2.5,125.0,-0.3,2026-07-21 15:55
2026,3M Open,2026-07-26,Mackenzie Hughes,7200,0.205,0.6804,0.5961,0.0069,1.5,100.0,-0.01,2026-07-21 15:55
2026,3M Open,2026-07-26,Matti Schmid,7100,0.204,0.6518,0.5897,0.0069,-6.5,100.0,-0.1,2026-07-21 15:55
2026,3M Open,2026-07-26,Taylor Moore,7300,0.204,0.6732,0.5955,0.0069,-0.5,100.0,-0.05,2026-07-21 15:55
2026,3M Open,2026-07-26,Rasmus Hojgaard,7500,0.204,0.6482,0.5893,0.0069,-7.5,100.0,-0.05,2026-07-21 15:55
2026,3M Open,2026-07-26,Zach Bauchou,7100,0.204,0.6625,0.5931,0.0069,-3.5,100.0,0.32,2026-07-21 15:55
2026,3M Open,2026-07-26,Ricky Castillo,7300,0.204,0.7018,0.6044,0.0069,7.5,100.0,0.12,2026-07-21 15:55
2026,3M Open,2026-07-26,Jesper Svensson,7200,0.204,0.6589,0.5924,0.0069,-4.5,100.0,0.04,2026-07-21 15:55
2026,3M Open,2026-07-26,Seamus Power,7000,0.203,0.6018,0.5888,0.0055,1.5,125.0,0.06,2026-07-21 15:55
2026,3M Open,2026-07-26,Zac Blair,6900,0.198,0.6161,0.5902,0.0055,5.5,125.0,0.44,2026-07-21 15:55
2026,3M Open,2026-07-26,Beau Hossler,7300,0.197,0.7125,0.5964,0.0077,-5.5,90.0,0.15,2026-07-21 15:55
2026,3M Open,2026-07-26,Andrew Putnam,7000,0.195,0.6554,0.6003,0.0055,16.5,125.0,0.27,2026-07-21 15:55
2026,3M Open,2026-07-26,Haotong Li,7100,0.195,0.5911,0.584,0.0055,-1.5,125.0,-0.22,2026-07-21 15:55
2026,3M Open,2026-07-26,Zecheng Dou,7000,0.193,0.5982,0.5875,0.0055,0.5,125.0,0.09,2026-07-21 15:55
2026,3M Open,2026-07-26,Lucas Glover,7100,0.191,0.6446,0.5892,0.0069,-8.5,100.0,-0.57,2026-07-21 15:55
2026,3M Open,2026-07-26,Tom Hoge,6900,0.186,0.5946,0.5866,0.0055,-0.5,125.0,-0.52,2026-07-21 15:55
2026,3M Open,2026-07-26,A.J. Ewart,7100,0.181,0.5357,0.5672,0.0046,2.0,150.0,0.44,2026-07-21 15:55
2026,3M Open,2026-07-26,Patrick Rodgers,7000,0.176,0.5464,0.5757,0.0046,5.0,150.0,-0.18,2026-07-21 15:55
2026,3M Open,2026-07-26,Preston Stout,7200,0.167,0.5411,0.5513,0.0055,-15.5,125.0,-0.22,2026-07-21 15:55
2026,3M Open,2026-07-26,Adrien Dumont de Chassart,7200,0.166,0.5321,0.5653,0.0046,1.0,150.0,0.15,2026-07-21 15:55
2026,3M Open,2026-07-26,Chris Kirk,7000,0.166,0.5393,0.5684,0.0046,3.0,150.0,-0.14,2026-07-21 15:55
2026,3M Open,2026-07-26,Thorbjorn Olesen,7100,0.165,0.5429,0.5697,0.0046,4.0,150.0,-0.15,2026-07-21 15:55
2026,3M Open,2026-07-26,Garrick Higgo,6900,0.164,0.5286,0.5649,0.0046,0.0,150.0,-0.32,2026-07-21 15:55
2026,3M Open,2026-07-26,Matt Kuchar,7000,0.164,0.55,0.5761,0.0046,6.0,150.0,0.38,2026-07-21 15:55
2026,3M Open,2026-07-26,Austin Smotherman,7000,0.159,0.525,0.5644,0.0046,-1.0,150.0,-0.27,2026-07-21 15:55
2026,3M Open,2026-07-26,Austin Eckroat,6900,0.153,0.5179,0.5599,0.0046,-3.0,150.0,0.02,2026-07-21 15:55
2026,3M Open,2026-07-26,Kevin Roy,6800,0.152,0.4875,0.5514,0.004,1.5,175.0,-0.2,2026-07-21 15:55
2026,3M Open,2026-07-26,Neal Shipley,6800,0.147,0.4893,0.5424,0.0046,-11.0,150.0,-0.55,2026-07-21 15:55
2026,3M Open,2026-07-26,Kris Ventura,6900,0.147,0.5214,0.561,0.0046,-2.0,150.0,-0.16,2026-07-21 15:55
2026,3M Open,2026-07-26,Karl Vilips,6800,0.135,0.4696,0.5431,0.004,-3.5,175.0,-0.14,2026-07-21 15:55
2026,3M Open,2026-07-26,Chad Ramey,6800,0.13,0.4661,0.546,0.0035,3.5,200.0,-0.08,2026-07-21 15:55
2026,3M Open,2026-07-26,Patrick Fishburn,6900,0.13,0.4625,0.5448,0.0035,2.5,200.0,-0.07,2026-07-21 15:55
2026,3M Open,2026-07-26,Takumi Kanaya,6700,0.129,0.4768,0.5594,0.0035,6.5,200.0,0.01,2026-07-21 15:55
2026,3M Open,2026-07-26,Ryder Cowan,6900,0.12,0.4304,0.5396,0.0031,1.5,225.0,0.85,2026-07-21 15:55
2026,3M Open,2026-07-26,Chandler Phillips,6700,0.118,0.4036,0.5355,0.0028,7.0,250.0,-0.04,2026-07-21 15:55
2026,3M Open,2026-07-26,Luke Clanton,6800,0.116,0.4375,0.5349,0.0035,-4.5,200.0,-0.59,2026-07-21 15:55
2026,3M Open,2026-07-26,Erik van Rooyen,6700,0.114,0.3857,0.5308,0.0028,2.0,250.0,-0.02,2026-07-21 15:55
2026,3M Open,2026-07-26,Joel Dahmen,6600,0.113,0.3821,0.5299,0.0028,1.0,250.0,-0.21,2026-07-21 15:55
2026,3M Open,2026-07-26,Brandt Snedeker,6700,0.113,0.4446,0.544,0.0031,5.5,225.0,-0.08,2026-07-21 15:55
2026,3M Open,2026-07-26,David Skinns,6700,0.112,0.3964,0.5336,0.0028,5.0,250.0,0.11,2026-07-21 15:55
2026,3M Open,2026-07-26,David Lipsky,6700,0.111,0.3893,0.5332,0.0028,3.0,250.0,-0.11,2026-07-21 15:55
2026,3M Open,2026-07-26,Matthieu Pavon,6800,0.111,0.3929,0.5333,0.0028,4.0,250.0,-0.19,2026-07-21 15:55
2026,3M Open,2026-07-26,Mark Hubbard,6600,0.107,0.3536,0.5209,0.0028,-7.0,250.0,-0.64,2026-07-21 15:55
2026,3M Open,2026-07-26,Pontus Nyholm,6800,0.106,0.3607,0.5275,0.0028,-5.0,250.0,-0.58,2026-07-21 15:55
2026,3M Open,2026-07-26,Trace Crowe,6800,0.102,0.3643,0.5277,0.0028,-4.0,250.0,-0.45,2026-07-21 15:55
2026,3M Open,2026-07-26,Aaron Wise,6600,0.102,0.3839,0.5192,0.0035,-19.5,200.0,-0.42,2026-07-21 15:55
2026,3M Open,2026-07-26,Ben Silverman,6400,0.1,0.3054,0.529,0.0017,20.5,400.0,-0.03,2026-07-21 15:55
2026,3M Open,2026-07-26,Vince Whaley,6500,0.1,0.2518,0.5097,0.0017,5.5,400.0,-0.19,2026-07-21 15:55
2026,3M Open,2026-07-26,Gordon Sargent,6900,0.099,0.2768,0.4717,0.0035,-49.5,200.0,-1.58,2026-07-21 15:55
2026,3M Open,2026-07-26,Hayden Springer,6700,0.097,0.3286,0.5233,0.0023,2.0,300.0,-0.34,2026-07-21 15:55
2026,3M Open,2026-07-26,Harry Higgs,6600,0.095,0.3464,0.5289,0.0023,7.0,300.0,-0.08,2026-07-21 15:55
2026,3M Open,2026-07-26,Tyler Duncan,6200,0.095,0.3089,0.5417,0.0014,37.5,500.0,0.69,2026-07-21 15:55
2026,3M Open,2026-07-26,Jimmy Stanger,6500,0.094,0.2446,0.506,0.0017,3.5,400.0,-0.12,2026-07-21 15:55
2026,3M Open,2026-07-26,Brice Garnett,6300,0.093,0.3393,0.5283,0.0023,5.0,300.0,-0.39,2026-07-21 15:55
2026,3M Open,2026-07-26,Lanto Griffin,6500,0.09,0.3,0.5201,0.002,6.0,350.0,-0.08,2026-07-21 15:55
2026,3M Open,2026-07-26,Chandler Blanchet,6500,0.089,0.2607,0.5047,0.002,-5.0,350.0,-0.95,2026-07-21 15:55
2026,3M Open,2026-07-26,Nick Dunlap,6700,0.089,0.3357,0.5172,0.0028,-12.0,250.0,-0.72,2026-07-21 15:55
2026,3M Open,2026-07-26,Adam Svensson,6300,0.084,0.2821,0.515,0.002,1.0,350.0,-0.34,2026-07-21 15:55
2026,3M Open,2026-07-26,Adam Hadwin,6500,0.084,0.2196,0.495,0.0017,-3.5,400.0,-0.61,2026-07-21 15:55
2026,3M Open,2026-07-26,Cameron Champ,6600,0.082,0.3107,0.5183,0.0023,-3.0,300.0,-0.97,2026-07-21 15:55
2026,3M Open,2026-07-26,Troy Merritt,6100,0.081,0.225,0.5285,0.0007,39.0,1000.0,0.54,2026-07-21 15:55
2026,3M Open,2026-07-26,Davis Chatfield,6200,0.081,0.2643,0.5058,0.002,-4.0,350.0,-0.37,2026-07-21 15:55
2026,3M Open,2026-07-26,Cam Davis,6400,0.08,0.2964,0.4952,0.0028,-23.0,250.0,-1.2,2026-07-21 15:55
2026,3M Open,2026-07-26,Will Gordon,6600,0.079,0.2786,0.5112,0.002,0.0,350.0,-0.4,2026-07-21 15:55
2026,3M Open,2026-07-26,Paul Peterson,6400,0.078,0.2714,0.5067,0.002,-2.0,350.0,-0.67,2026-07-21 15:55
2026,3M Open,2026-07-26,Kensei Hirata,6200,0.078,0.2018,0.4976,0.0014,7.5,500.0,-0.55,2026-07-21 15:55
2026,3M Open,2026-07-26,Hank Lebioda,6300,0.078,0.1839,0.4931,0.0014,2.5,500.0,-0.49,2026-07-21 15:55
2026,3M Open,2026-07-26,Dylan Wu,6300,0.077,0.1982,0.4972,0.0014,6.5,500.0,-0.52,2026-07-21 15:55
2026,3M Open,2026-07-26,Luke List,6500,0.075,0.3143,0.5185,0.0023,-2.0,300.0,-0.69,2026-07-21 15:55
2026,3M Open,2026-07-26,Justin Lower,6400,0.073,0.1589,0.4806,0.0014,-4.5,500.0,-0.84,2026-07-21 15:55
2026,3M Open,2026-07-26,Alejandro Tosti,6400,0.071,0.1589,0.4697,0.0017,-20.5,400.0,-1.18,2026-07-21 15:55
2026,3M Open,2026-07-26,Fabian Gomez,6300,0.07,0.1804,0.4899,0.0014,1.5,500.0,-0.45,2026-07-21 15:55
2026,3M Open,2026-07-26,Kevin Streelman,6300,0.07,0.1875,0.4933,0.0014,3.5,500.0,-0.43,2026-07-21 15:55
2026,3M Open,2026-07-26,Stefano Mazzoli,6500,0.068,0.1982,0.4835,0.0017,-9.5,400.0,-0.34,2026-07-21 15:55
2026,3M Open,2026-07-26,Jeffrey Kang,6200,0.067,0.1768,0.4876,0.0014,0.5,500.0,-0.7,2026-07-21 15:55
2026,3M Open,2026-07-26,Adam Schenk,6100,0.066,0.1286,0.4873,0.0007,12.0,1000.0,-1.05,2026-07-21 15:55
2026,3M Open,2026-07-26,Joe Highsmith,6400,0.064,0.2179,0.4832,0.002,-17.0,350.0,-1.21,2026-07-21 15:55
2026,3M Open,2026-07-26,John VanDerLaan,6300,0.063,0.1482,0.4773,0.0014,-7.5,500.0,-1.11,2026-07-21 15:55
2026,3M Open,2026-07-26,Davis Riley,6200,0.063,0.0964,0.4411,0.0012,-9.0,600.0,-1.3,2026-07-21 15:55
2026,3M Open,2026-07-26,Patton Kizzire,6000,0.061,0.0964,0.4748,0.0007,3.0,1000.0,-1.19,2026-07-21 15:55
2026,3M Open,2026-07-26,Danny Walker,6100,0.055,0.0786,0.4486,0.0007,-2.0,1000.0,-1.22,2026-07-21 15:55
2026,3M Open,2026-07-26,Peter Malnati,6200,0.055,0.1321,0.4798,0.0012,1.0,600.0,-0.71,2026-07-21 15:55
2026,3M Open,2026-07-26,Jeremy Paul,6000,0.054,0.1,0.4757,0.0007,4.0,1000.0,-1.33,2026-07-21 15:55
2026,3M Open,2026-07-26,Nick Hardy,6400,0.053,0.1518,0.4792,0.0014,-6.5,500.0,-0.8,2026-07-21 15:55
2026,3M Open,2026-07-26,S.Y. Noh,6600,0.051,0.1232,0.5044,0.0001,31.5,1000.0,-0.29,2026-07-21 15:55
2026,3M Open,2026-07-26,Camilo Villegas,6100,0.044,0.1179,0.4806,0.0007,9.0,1000.0,-0.63,2026-07-21 15:55
2026,3M Open,2026-07-26,Ben Martin,6100,0.044,0.0821,0.4567,0.0007,-1.0,1000.0,-1.15,2026-07-21 15:55
2026,3M Open,2026-07-26,Nicholas Lindheim,6100,0.044,0.0893,0.4711,0.0007,1.0,1000.0,-0.88,2026-07-21 15:55
2026,3M Open,2026-07-26,Brian Campbell,6200,0.043,0.0857,0.4331,0.0012,-12.0,600.0,-1.37,2026-07-21 15:55
2026,3M Open,2026-07-26,Christo Lamprecht,6100,0.039,0.0679,0.4378,0.0007,-5.0,1000.0,-1.97,2026-07-21 15:55
2026,3M Open,2026-07-26,Marcelo Rozo,6000,0.032,0.0518,0.4403,0.0003,1.5,1000.0,-1.19,2026-07-21 15:55
2026,3M Open,2026-07-26,Benjamin James,8000,0.027,0.0196,0.4067,0.0001,2.5,1000.0,0.04,2026-07-21 15:55
2026,3M Open,2026-07-26,Rafael Campos,6000,0.023,0.0411,0.4229,0.0003,-1.5,1000.0,-1.65,2026-07-21 15:55
2026,3M Open,2026-07-26,Sihan Sandhu,6000,0.019,0.0232,0.3956,0.0001,-1.5,1000.0,-0.34,2026-07-21 15:55
2026,3M Open,2026-07-26,Thomas Campbell,6000,0.019,0.0179,0.395,0.0001,-3.0,1000.0,-0.44,2026-07-21 15:55
2026,3M Open,2026-07-26,Muzzy Donohue,6000,0.019,0.0232,0.3956,0.0001,-1.5,1000.0,-0.34,2026-07-21 15:55
2026,Rocket Classic,2026-08-02,Cameron Young,10500,0.544,1.0,0.7706,0.0586,0.0,11.0,1.22,2026-07-28 14:07
2026,Rocket Classic,2026-08-02,Xander Schauffele,10200,0.501,0.9883,0.7465,0.037,-0.5,18.0,0.93,2026-07-28 14:07
2026,Rocket Classic,2026-08-02,Chris Gotterup,9800,0.494,0.9916,0.7502,0.037,0.5,18.0,1.11,2026-07-28 14:07
2026,Rocket Classic,2026-08-02,Si Woo Kim,9600,0.493,0.9715,0.7318,0.0335,-1.5,20.0,1.25,2026-07-28 14:07
2026,Rocket Classic,2026-08-02,Russell Henley,9200,0.463,0.9346,0.7127,0.0227,-0.5,30.0,1.08,2026-07-28 14:07
2026,Rocket Classic,2026-08-02,Hideki Matsuyama,9000,0.44,0.9581,0.7257,0.0271,0.5,25.0,0.83,2026-07-28 14:07
2026,Rocket Classic,2026-08-02,Patrick Cantlay,9100,0.432,0.9547,0.7247,0.0271,-0.5,25.0,0.96,2026-07-28 14:07
2026,Rocket Classic,2026-08-02,Jackson Koivun,9400,0.43,0.9748,0.7335,0.0335,-0.5,20.0,1.7,2026-07-28 14:07
2026,Rocket Classic,2026-08-02,Wyndham Clark,9300,0.429,0.9681,0.7399,0.0271,3.5,25.0,1.34,2026-07-28 14:07
2026,Rocket Classic,2026-08-02,J.J. Spaun,8700,0.427,0.9379,0.7143,0.0227,0.5,30.0,0.9,2026-07-28 14:07
2026,Rocket Classic,2026-08-02,Ben Griffin,8900,0.412,0.9195,0.6964,0.0195,-2.0,35.0,0.9,2026-07-28 14:07
2026,Rocket Classic,2026-08-02,Jake Knapp,8800,0.402,0.9513,0.7154,0.0271,-1.5,25.0,0.68,2026-07-28 14:07
2026,Rocket Classic,2026-08-02,Ryan Gerard,8600,0.362,0.9111,0.6929,0.0172,-1.5,40.0,0.77,2026-07-28 14:07
2026,Rocket Classic,2026-08-02,Akshay Bhatia,8400,0.354,0.9044,0.6908,0.0172,-3.5,40.0,0.68,2026-07-28 14:07
2026,Rocket Classic,2026-08-02,Keegan Bradley,7800,0.347,0.8591,0.6714,0.0115,2.0,60.0,0.4,2026-07-28 14:07
2026,Rocket Classic,2026-08-02,Jacob Bridgeman,7900,0.342,0.8993,0.6976,0.0138,6.0,50.0,0.63,2026-07-28 14:07
2026,Rocket Classic,2026-08-02,Rickie Fowler,8100,0.339,0.8893,0.692,0.0138,3.0,50.0,0.54,2026-07-28 14:07
2026,Rocket Classic,2026-08-02,Nicolai Hojgaard,8300,0.334,0.896,0.6831,0.0153,-3.0,45.0,0.64,2026-07-28 14:07
2026,Rocket Classic,2026-08-02,Harris English,8500,0.32,0.9027,0.6996,0.0138,7.0,50.0,0.61,2026-07-28 14:07
2026,Rocket Classic,2026-08-02,Michael Thorbjornsen,8200,0.317,0.8792,0.6799,0.0138,0.0,50.0,0.55,2026-07-28 14:07
2026,Rocket Classic,2026-08-02,Michael Brennan,7900,0.312,0.8658,0.6686,0.0138,-4.0,50.0,0.35,2026-07-28 14:07
2026,Rocket Classic,2026-08-02,Davis Thompson,7700,0.312,0.8758,0.6748,0.0138,-1.0,50.0,0.44,2026-07-28 14:07
2026,Rocket Classic,2026-08-02,Brooks Koepka,8000,0.306,0.8691,0.6693,0.0138,-3.0,50.0,0.69,2026-07-28 14:07
2026,Rocket Classic,2026-08-02,Corey Conners,7500,0.274,0.8188,0.6485,0.0099,-4.0,70.0,0.24,2026-07-28 14:07
2026,Rocket Classic,2026-08-02,Ryo Hisatsune,7600,0.262,0.8289,0.6561,0.0099,-1.0,70.0,0.29,2026-07-28 14:07
2026,Rocket Classic,2026-08-02,Eric Cole,7600,0.261,0.8389,0.6642,0.0099,2.0,70.0,0.49,2026-07-28 14:07
2026,Rocket Classic,2026-08-02,Michael Kim,7200,0.252,0.7131,0.614,0.0077,-2.5,90.0,0.17,2026-07-28 14:07
2026,Rocket Classic,2026-08-02,Doug Ghim,7400,0.249,0.7936,0.6506,0.0087,5.5,80.0,0.72,2026-07-28 14:07
2026,Rocket Classic,2026-08-02,Marco Penge,7800,0.248,0.7953,0.636,0.0099,-11.0,70.0,-0.15,2026-07-28 14:07
2026,Rocket Classic,2026-08-02,Jackson Suber,7500,0.242,0.7919,0.6359,0.0099,-12.0,70.0,0.54,2026-07-28 14:07
2026,Rocket Classic,2026-08-02,Ben Kohles,7300,0.24,0.797,0.6533,0.0087,6.5,80.0,0.95,2026-07-28 14:07
2026,Rocket Classic,2026-08-02,Rasmus Neergaard-Petersen,7400,0.238,0.7802,0.6438,0.0087,1.5,80.0,0.67,2026-07-28 14:07
2026,Rocket Classic,2026-08-02,Jordan Spieth,7700,0.238,0.7768,0.6431,0.0087,0.5,80.0,0.01,2026-07-28 14:07
2026,Rocket Classic,2026-08-02,Jordan Smith,7200,0.238,0.7735,0.6423,0.0087,-0.5,80.0,0.42,2026-07-28 14:07
2026,Rocket Classic,2026-08-02,Max Greyserman,7300,0.233,0.7601,0.6336,0.0087,-4.5,80.0,0.11,2026-07-28 14:07
2026,Rocket Classic,2026-08-02,Pierceson Coody,7400,0.231,0.807,0.6614,0.0087,9.5,80.0,0.25,2026-07-28 14:07
2026,Rocket Classic,2026-08-02,Johnny Keefer,7400,0.231,0.7701,0.6383,0.0087,-1.5,80.0,0.24,2026-07-28 14:07
2026,Rocket Classic,2026-08-02,Emiliano Grillo,7200,0.231,0.6963,0.6103,0.0077,-7.5,90.0,0.46,2026-07-28 14:07
2026,Rocket Classic,2026-08-02,Sungjae Im,7000,0.231,0.7869,0.6475,0.0087,3.5,80.0,0.07,2026-07-28 14:07
2026,Rocket Classic,2026-08-02,Denny McCarthy,7500,0.23,0.7836,0.646,0.0087,2.5,80.0,0.28,2026-07-28 14:07
2026,Rocket Classic,2026-08-02,Mac Meissner,7300,0.226,0.8037,0.6576,0.0087,8.5,80.0,0.57,2026-07-28 14:07
2026,Rocket Classic,2026-08-02,Matt Wallace,7400,0.225,0.6997,0.6108,0.0077,-6.5,90.0,0.39,2026-07-28 14:07
2026,Rocket Classic,2026-08-02,Aldrich Potgieter,7300,0.22,0.7567,0.6275,0.0087,-5.5,80.0,-0.14,2026-07-28 14:07
2026,Rocket Classic,2026-08-02,Nick Taylor,7200,0.217,0.7013,0.6164,0.007,3.0,100.0,0.36,2026-07-28 14:07
2026,Rocket Classic,2026-08-02,Christiaan Bezuidenhout,7300,0.217,0.7114,0.6224,0.007,6.0,100.0,0.7,2026-07-28 14:07
2026,Rocket Classic,2026-08-02,Sam Stevens,7200,0.217,0.7047,0.6196,0.007,4.0,100.0,-0.1,2026-07-28 14:07
2026,Rocket Classic,2026-08-02,Kevin Yu,7200,0.217,0.6913,0.6137,0.007,0.0,100.0,0.36,2026-07-28 14:07
2026,Rocket Classic,2026-08-02,Lee Hodges,6800,0.217,0.646,0.609,0.0056,5.5,125.0,0.54,2026-07-28 14:07
2026,Rocket Classic,2026-08-02,Sudarshan Yellamaraju,7100,0.212,0.6158,0.6034,0.0056,-3.5,125.0,0.35,2026-07-28 14:07
2026,Rocket Classic,2026-08-02,Andrew Novak,7100,0.212,0.7081,0.6217,0.007,5.0,100.0,-0.14,2026-07-28 14:07
2026,Rocket Classic,2026-08-02,Seamus Power,7300,0.21,0.6292,0.6067,0.0056,0.5,125.0,0.35,2026-07-28 14:07
2026,Rocket Classic,2026-08-02,Billy Horschel,7000,0.209,0.6124,0.6025,0.0056,-4.5,125.0,-0.06,2026-07-28 14:07
2026,Rocket Classic,2026-08-02,Ricky Castillo,7100,0.205,0.656,0.6136,0.0056,8.5,125.0,0.13,2026-07-28 14:07
2026,Rocket Classic,2026-08-02,William Mouw,6800,0.205,0.6426,0.6083,0.0056,4.5,125.0,0.09,2026-07-28 14:07
2026,Rocket Classic,2026-08-02,Jesper Svensson,7100,0.205,0.6225,0.6052,0.0056,-1.5,125.0,0.07,2026-07-28 14:07
2026,Rocket Classic,2026-08-02,Stephan Jaeger,7100,0.203,0.6393,0.6082,0.0056,3.5,125.0,0.22,2026-07-28 14:07
2026,Rocket Classic,2026-08-02,Zecheng Dou,6900,0.203,0.6191,0.6041,0.0056,-2.5,125.0,0.36,2026-07-28 14:07
2026,Rocket Classic,2026-08-02,Tony Finau,7100,0.197,0.6359,0.6077,0.0056,2.5,125.0,-0.12,2026-07-28 14:07
2026,Rocket Classic,2026-08-02,Mackenzie Hughes,7100,0.197,0.6326,0.6069,0.0056,1.5,125.0,0.02,2026-07-28 14:07
2026,Rocket Classic,2026-08-02,Nico Echavarria,6900,0.196,0.6023,0.598,0.0056,-7.5,125.0,-0.11,2026-07-28 14:07
2026,Rocket Classic,2026-08-02,Harry Hall,7100,0.196,0.6091,0.6017,0.0056,-5.5,125.0,0.06,2026-07-28 14:07
2026,Rocket Classic,2026-08-02,Ben James,7300,0.194,0.6527,0.5996,0.0077,-20.5,90.0,-0.11,2026-07-28 14:07
2026,Rocket Classic,2026-08-02,Beau Hossler,7200,0.185,0.6258,0.6058,0.0056,-0.5,125.0,0.06,2026-07-28 14:07
2026,Rocket Classic,2026-08-02,Rico Hoey,6900,0.182,0.6208,0.6138,0.0047,23.0,150.0,0.07,2026-07-28 14:07
2026,Rocket Classic,2026-08-02,Matt McCarty,7000,0.182,0.5537,0.5953,0.0047,3.0,150.0,0.08,2026-07-28 14:07
2026,Rocket Classic,2026-08-02,John Parry,7000,0.181,0.5503,0.5949,0.0047,2.0,150.0,0.18,2026-07-28 14:07
2026,Rocket Classic,2026-08-02,Steven Fisk,7000,0.181,0.557,0.5956,0.0047,4.0,150.0,0.02,2026-07-28 14:07
2026,Rocket Classic,2026-08-02,Chandler Phillips,6800,0.178,0.547,0.5943,0.0047,1.0,150.0,0.33,2026-07-28 14:07
2026,Rocket Classic,2026-08-02,Rasmus Hojgaard,6900,0.177,0.5336,0.5893,0.0047,-3.0,150.0,-0.05,2026-07-28 14:07
2026,Rocket Classic,2026-08-02,Taylor Pendrith,7000,0.175,0.5302,0.5889,0.0047,-4.0,150.0,-0.34,2026-07-28 14:07
2026,Rocket Classic,2026-08-02,Keita Nakajima,7000,0.174,0.5436,0.5939,0.0047,0.0,150.0,0.49,2026-07-28 14:07
2026,Rocket Classic,2026-08-02,Max McGreevy,6800,0.166,0.4983,0.5789,0.004,1.5,175.0,0.37,2026-07-28 14:07
2026,Rocket Classic,2026-08-02,Zac Blair,6800,0.164,0.495,0.5773,0.004,0.5,175.0,0.7,2026-07-28 14:07
2026,Rocket Classic,2026-08-02,Taylor Moore,7000,0.16,0.5403,0.5929,0.0047,-1.0,150.0,-0.08,2026-07-28 14:07
2026,Rocket Classic,2026-08-02,Lucas Glover,6900,0.158,0.5369,0.5901,0.0047,-2.0,150.0,-0.58,2026-07-28 14:07
2026,Rocket Classic,2026-08-02,Matti Schmid,6800,0.155,0.4883,0.5759,0.004,-1.5,175.0,-0.06,2026-07-28 14:07
2026,Rocket Classic,2026-08-02,Chris Kirk,6900,0.155,0.4916,0.5766,0.004,-0.5,175.0,-0.01,2026-07-28 14:07
2026,Rocket Classic,2026-08-02,Kris Ventura,6900,0.149,0.5268,0.5862,0.0047,-5.0,150.0,-0.16,2026-07-28 14:07
2026,Rocket Classic,2026-08-02,Zach Bauchou,6900,0.147,0.4664,0.5704,0.0035,1.0,200.0,0.31,2026-07-28 14:07
2026,Rocket Classic,2026-08-02,Kevin Roy,6800,0.147,0.4698,0.5708,0.0035,2.0,200.0,-0.07,2026-07-28 14:07
2026,Rocket Classic,2026-08-02,Austin Smotherman,6700,0.14,0.4564,0.5647,0.0035,-2.0,200.0,-0.08,2026-07-28 14:07
2026,Rocket Classic,2026-08-02,Haotong Li,6700,0.14,0.4463,0.5599,0.0035,-5.0,200.0,-0.29,2026-07-28 14:07
2026,Rocket Classic,2026-08-02,A.J. Ewart,6800,0.139,0.4413,0.5659,0.0028,4.5,250.0,0.34,2026-07-28 14:07
2026,Rocket Classic,2026-08-02,Thorbjorn Olesen,6700,0.135,0.4631,0.5667,0.0035,0.0,200.0,-0.28,2026-07-28 14:07
2026,Rocket Classic,2026-08-02,Patrick Fishburn,6700,0.124,0.4312,0.5606,0.0028,1.5,250.0,0.16,2026-07-28 14:07
2026,Rocket Classic,2026-08-02,Patrick Rodgers,6600,0.12,0.3993,0.5571,0.0023,5.0,300.0,-0.31,2026-07-28 14:07
2026,Rocket Classic,2026-08-02,Andrew Putnam,6600,0.118,0.4346,0.5636,0.0028,2.5,250.0,0.18,2026-07-28 14:07
2026,Rocket Classic,2026-08-02,Adrien Dumont de Chassart,6700,0.115,0.4178,0.5557,0.0028,-2.5,250.0,0.13,2026-07-28 14:07
2026,Rocket Classic,2026-08-02,Austin Eckroat,6700,0.11,0.4245,0.5587,0.0028,-0.5,250.0,-0.07,2026-07-28 14:07
2026,Rocket Classic,2026-08-02,Joel Dahmen,6600,0.106,0.3926,0.5532,0.0023,3.0,300.0,-0.08,2026-07-28 14:07
2026,Rocket Classic,2026-08-02,Karl Vilips,6600,0.102,0.3792,0.5458,0.0023,-1.0,300.0,-0.26,2026-07-28 14:07
2026,Rocket Classic,2026-08-02,Erik van Rooyen,6500,0.101,0.2852,0.5271,0.0018,-7.0,400.0,-0.08,2026-07-28 14:07
2026,Rocket Classic,2026-08-02,Chad Ramey,6500,0.1,0.3289,0.5391,0.0018,6.0,400.0,-0.14,2026-07-28 14:07
2026,Rocket Classic,2026-08-02,Garrick Higgo,6500,0.1,0.3121,0.5306,0.0018,1.0,400.0,-0.4,2026-07-28 14:07
2026,Rocket Classic,2026-08-02,Takumi Kanaya,6500,0.1,0.349,0.5478,0.0018,12.0,400.0,-0.05,2026-07-28 14:07
2026,Rocket Classic,2026-08-02,Matt Kuchar,6400,0.098,0.3523,0.5531,0.0018,13.0,400.0,0.07,2026-07-28 14:07
2026,Rocket Classic,2026-08-02,Tom Hoge,6700,0.094,0.3725,0.5412,0.0023,-3.0,300.0,-0.59,2026-07-28 14:07
2026,Rocket Classic,2026-08-02,Mark Hubbard,6400,0.094,0.2785,0.5228,0.0018,-9.0,400.0,-0.49,2026-07-28 14:07
2026,Rocket Classic,2026-08-02,Matthieu Pavon,6400,0.093,0.2886,0.5277,0.0018,-6.0,400.0,-0.21,2026-07-28 14:07
2026,Rocket Classic,2026-08-02,Jason Day,7200,0.093,0.1493,0.5301,0.0001,41.5,1000.0,-0.09,2026-07-28 14:07
2026,Rocket Classic,2026-08-02,Neal Shipley,6700,0.093,0.3624,0.5354,0.0023,-6.0,300.0,-0.42,2026-07-28 14:07
2026,Rocket Classic,2026-08-02,David Lipsky,6400,0.092,0.3221,0.5324,0.0018,4.0,400.0,-0.2,2026-07-28 14:07
2026,Rocket Classic,2026-08-02,Chandler Blanchet,6500,0.092,0.3305,0.5305,0.002,-6.5,350.0,-0.66,2026-07-28 14:07
2026,Rocket Classic,2026-08-02,Davis Chatfield,6600,0.092,0.3758,0.5429,0.0023,-2.0,300.0,0.04,2026-07-28 14:07
2026,Rocket Classic,2026-08-02,Pontus Nyholm,6500,0.09,0.2819,0.524,0.0018,-8.0,400.0,-0.37,2026-07-28 14:07
2026,Rocket Classic,2026-08-02,Hayden Springer,6500,0.09,0.3691,0.5392,0.0023,-4.0,300.0,-0.3,2026-07-28 14:07
2026,Rocket Classic,2026-08-02,Vince Whaley,6400,0.09,0.3138,0.5472,0.0014,20.5,500.0,-0.07,2026-07-28 14:07
2026,Rocket Classic,2026-08-02,Luke Clanton,6500,0.085,0.3406,0.5319,0.002,-3.5,350.0,-0.54,2026-07-28 14:07
2026,Rocket Classic,2026-08-02,Cam Davis,6600,0.083,0.3205,0.5124,0.0028,-31.5,250.0,-1.27,2026-07-28 14:07
2026,Rocket Classic,2026-08-02,Hank Lebioda,6500,0.083,0.2836,0.5316,0.0014,11.5,500.0,-0.18,2026-07-28 14:07
2026,Rocket Classic,2026-08-02,Adrien Saddier,6300,0.082,0.2366,0.5208,0.0014,-2.5,500.0,-0.56,2026-07-28 14:07
2026,Rocket Classic,2026-08-02,Trace Crowe,6600,0.082,0.2651,0.5148,0.0018,-13.0,400.0,-0.67,2026-07-28 14:07
2026,Rocket Classic,2026-08-02,Brandt Snedeker,6300,0.077,0.2399,0.5288,0.0012,10.5,600.0,-0.44,2026-07-28 14:07
2026,Rocket Classic,2026-08-02,Lanto Griffin,6300,0.075,0.2433,0.5215,0.0014,-0.5,500.0,-0.3,2026-07-28 14:07
2026,Rocket Classic,2026-08-02,Kevin Streelman,6300,0.075,0.2332,0.5297,0.0009,14.5,800.0,-0.12,2026-07-28 14:07
2026,Rocket Classic,2026-08-02,Dylan Wu,6100,0.071,0.25,0.5304,0.0012,13.5,600.0,-0.55,2026-07-28 14:07
2026,Rocket Classic,2026-08-02,Nick Dunlap,6400,0.07,0.2265,0.5084,0.0014,-5.5,500.0,-0.79,2026-07-28 14:07
2026,Rocket Classic,2026-08-02,Webb Simpson,6200,0.07,0.203,0.5069,0.0012,-0.5,600.0,-0.33,2026-07-28 14:07
2026,Rocket Classic,2026-08-02,John VanDerLaan,6300,0.067,0.2064,0.4995,0.0014,-11.5,500.0,-0.8,2026-07-28 14:07
2026,Rocket Classic,2026-08-02,Daniel Brown,6800,0.062,0.156,0.5305,0.0001,43.5,1000.0,-0.39,2026-07-28 14:07
2026,Rocket Classic,2026-08-02,Aaron Wise,6400,0.061,0.2114,0.4597,0.0018,-29.0,400.0,-1.1,2026-07-28 14:07
2026,Rocket Classic,2026-08-02,Kensei Hirata,6100,0.061,0.156,0.5004,0.0007,7.5,1000.0,-0.96,2026-07-28 14:07
2026,Rocket Classic,2026-08-02,Brice Garnett,6200,0.06,0.1829,0.5208,0.0007,15.5,1000.0,-0.48,2026-07-28 14:07
2026,Rocket Classic,2026-08-02,Adam Schenk,6000,0.058,0.1527,0.4996,0.0007,6.5,1000.0,-0.98,2026-07-28 14:07
2026,Rocket Classic,2026-08-02,Davis Riley,6200,0.057,0.156,0.4524,0.0012,-14.5,600.0,-1.35,2026-07-28 14:07
2026,Rocket Classic,2026-08-02,Adam Svensson,6200,0.055,0.1628,0.5038,0.0007,9.5,1000.0,-0.4,2026-07-28 14:07
2026,Rocket Classic,2026-08-02,Justin Lower,6200,0.055,0.1594,0.502,0.0007,8.5,1000.0,-0.91,2026-07-28 14:07
2026,Rocket Classic,2026-08-02,Patton Kizzire,6000,0.053,0.099,0.4654,0.0004,10.5,1000.0,-1.45,2026-07-28 14:07
2026,Rocket Classic,2026-08-02,Alejandro Tosti,6300,0.053,0.1527,0.4617,0.0009,-9.5,800.0,-1.3,2026-07-28 14:07
2026,Rocket Classic,2026-08-02,Danny Walker,6200,0.053,0.1124,0.4504,0.0007,-5.5,1000.0,-1.32,2026-07-28 14:07
2026,Rocket Classic,2026-08-02,Joe Highsmith,6300,0.052,0.1862,0.4625,0.0014,-17.5,500.0,-1.19,2026-07-28 14:07
2026,Rocket Classic,2026-08-02,Jeffrey Kang,6200,0.051,0.146,0.4962,0.0007,4.5,1000.0,-0.85,2026-07-28 14:07
2026,Rocket Classic,2026-08-02,Stefano Mazzoli,6400,0.046,0.1426,0.489,0.0007,3.5,1000.0,-0.98,2026-07-28 14:07
2026,Rocket Classic,2026-08-02,William Jennings,6100,0.044,0.1594,0.443,0.0014,-25.5,500.0,-0.34,2026-07-28 14:07
2026,Rocket Classic,2026-08-02,Peter Malnati,6000,0.041,0.1393,0.4846,0.0007,2.5,1000.0,-1.04,2026-07-28 14:07
2026,Rocket Classic,2026-08-02,Christo Lamprecht,6100,0.038,0.1057,0.4455,0.0007,-7.5,1000.0,-1.91,2026-07-28 14:07
2026,Rocket Classic,2026-08-02,Marcelo Rozo,6100,0.032,0.1023,0.4821,0.0004,11.5,1000.0,-1.05,2026-07-28 14:07
2026,Rocket Classic,2026-08-02,Brian Campbell,6100,0.031,0.1091,0.4457,0.0007,-6.5,1000.0,-1.29,2026-07-28 14:07
2026,Rocket Classic,2026-08-02,Gordon Sargent,6200,0.031,0.0856,0.4302,0.0007,-13.5,1000.0,-1.39,2026-07-28 14:07
2026,Rocket Classic,2026-08-02,Brendon Todd,6000,0.026,0.0822,0.4517,0.0004,5.5,1000.0,-1.31,2026-07-28 14:07
2026,Rocket Classic,2026-08-02,Brad Dalke,6300,0.026,0.0906,0.4325,0.0007,-12.0,1000.0,-0.34,2026-07-28 14:07
2026,Rocket Classic,2026-08-02,Ryan Ruffels,6100,0.026,0.0906,0.4325,0.0007,-12.0,1000.0,-0.34,2026-07-28 14:07
2026,Rocket Classic,2026-08-02,Rafael Campos,6000,0.025,0.0654,0.4403,0.0004,0.5,1000.0,-1.72,2026-07-28 14:07
2026,Rocket Classic,2026-08-02,Justin Quiban,6000,0.022,0.0621,0.4372,0.0004,-0.5,1000.0,-0.34,2026-07-28 14:07
2026,Rocket Classic,2026-08-02,Joe Hooks,6000,0.021,0.0185,0.4208,0.0001,-3.5,1000.0,-0.27,2026-07-28 14:07
2026,Rocket Classic,2026-08-02,Keenan Huskey,6100,0.019,0.0386,0.4213,0.0004,-7.5,1000.0,-0.34,2026-07-28 14:07
2026,Rocket Classic,2026-08-02,Ryan Celano,6100,0.019,0.0285,0.4215,0.0001,-0.5,1000.0,-0.34,2026-07-28 14:07
2026,Rocket Classic,2026-08-02,Patrick Wilkes-Krier,6000,0.019,0.0285,0.4215,0.0001,-0.5,1000.0,-0.34,2026-07-28 14:07
2026,Rocket Classic,2026-08-02,Daniel Azallion,6000,0.019,0.0285,0.4215,0.0001,-0.5,1000.0,-0.34,2026-07-28 14:07
2026,Wyndham Championship,2026-08-09,Cameron Young,10400,0.59,1.0,0.7989,0.0706,0.0,9.0,1.31,2026-08-04 12:56
2026,Wyndham Championship,2026-08-09,Jackson Koivun,10100,0.495,0.9933,0.7636,0.0471,0.0,14.0,1.57,2026-08-04 12:56
2026,Wyndham Championship,2026-08-09,Hideki Matsuyama,9500,0.478,0.9866,0.7398,0.0336,0.0,20.0,0.96,2026-08-04 12:56
2026,Wyndham Championship,2026-08-09,Justin Thomas,9400,0.432,0.9748,0.7207,0.0228,1.5,30.0,0.66,2026-08-04 12:56
2026,Wyndham Championship,2026-08-09,Ryan Gerard,9300,0.42,0.9765,0.7138,0.0271,-1.0,25.0,0.89,2026-08-04 12:56
2026,Wyndham Championship,2026-08-09,Ben Griffin,9100,0.416,0.9681,0.7099,0.0228,-0.5,30.0,0.87,2026-08-04 12:56
2026,Wyndham Championship,2026-08-09,Tom Kim,9200,0.378,0.9446,0.6904,0.0196,-3.5,35.0,0.81,2026-08-04 12:56
2026,Wyndham Championship,2026-08-09,Maverick McNealy,9000,0.373,0.9396,0.6932,0.0172,2.0,40.0,0.73,2026-08-04 12:56
2026,Wyndham Championship,2026-08-09,Aaron Rai,8800,0.363,0.9346,0.687,0.0196,-6.5,35.0,0.45,2026-08-04 12:56
2026,Wyndham Championship,2026-08-09,Alex Fitzpatrick,8700,0.361,0.9161,0.6794,0.0172,-5.0,40.0,0.87,2026-08-04 12:56
2026,Wyndham Championship,2026-08-09,Doug Ghim,7800,0.355,0.9262,0.6896,0.0172,-2.0,40.0,0.86,2026-08-04 12:56
2026,Wyndham Championship,2026-08-09,Keegan Bradley,8900,0.354,0.9279,0.7014,0.0138,9.5,50.0,0.53,2026-08-04 12:56
2026,Wyndham Championship,2026-08-09,Davis Thompson,8400,0.347,0.9295,0.6897,0.0172,-1.0,40.0,0.64,2026-08-04 12:56
2026,Wyndham Championship,2026-08-09,Harris English,8300,0.341,0.943,0.6991,0.0172,3.0,40.0,0.43,2026-08-04 12:56
2026,Wyndham Championship,2026-08-09,Alex Smalley,7600,0.321,0.8725,0.6769,0.0116,6.0,60.0,0.49,2026-08-04 12:56
2026,Wyndham Championship,2026-08-09,Bud Cauley,7400,0.316,0.8691,0.6765,0.0116,5.0,60.0,0.44,2026-08-04 12:56
2026,Wyndham Championship,2026-08-09,Michael Brennan,8600,0.316,0.901,0.6816,0.0138,1.5,50.0,0.49,2026-08-04 12:56
2026,Wyndham Championship,2026-08-09,Mac Meissner,8100,0.315,0.9178,0.6913,0.0138,6.5,50.0,0.65,2026-08-04 12:56
2026,Wyndham Championship,2026-08-09,Sungjae Im,7700,0.313,0.8658,0.6643,0.0153,-14.0,45.0,0.23,2026-08-04 12:56
2026,Wyndham Championship,2026-08-09,Jordan Smith,7500,0.31,0.8658,0.6694,0.0126,-2.0,55.0,0.5,2026-08-04 12:56
2026,Wyndham Championship,2026-08-09,Brooks Koepka,8500,0.304,0.8809,0.6702,0.0138,-4.5,50.0,0.68,2026-08-04 12:56
2026,Wyndham Championship,2026-08-09,Ben Kohles,7700,0.302,0.8456,0.6679,0.0116,-2.0,60.0,1.02,2026-08-04 12:56
2026,Wyndham Championship,2026-08-09,Ryo Hisatsune,7300,0.298,0.8758,0.6752,0.0126,1.0,55.0,0.28,2026-08-04 12:56
2026,Wyndham Championship,2026-08-09,Brian Harman,8200,0.295,0.8591,0.669,0.0126,-4.0,55.0,0.26,2026-08-04 12:56
2026,Wyndham Championship,2026-08-09,Alex Noren,7900,0.283,0.807,0.6568,0.0099,-2.5,70.0,0.35,2026-08-04 12:56
2026,Wyndham Championship,2026-08-09,J.T. Poston,7400,0.279,0.844,0.6692,0.0107,2.5,65.0,0.3,2026-08-04 12:56
2026,Wyndham Championship,2026-08-09,Jordan Spieth,8000,0.269,0.7869,0.6506,0.0093,-0.5,75.0,0.12,2026-08-04 12:56
2026,Wyndham Championship,2026-08-09,Keith Mitchell,7900,0.265,0.8138,0.662,0.0099,-0.5,70.0,0.64,2026-08-04 12:56
2026,Wyndham Championship,2026-08-09,Michael Kim,7300,0.265,0.8305,0.6743,0.0093,12.5,75.0,0.33,2026-08-04 12:56
2026,Wyndham Championship,2026-08-09,Matt Wallace,7500,0.261,0.8238,0.6667,0.0099,2.5,70.0,0.6,2026-08-04 12:56
2026,Wyndham Championship,2026-08-09,Blades Brown,7800,0.258,0.8138,0.6536,0.0107,-6.5,65.0,1.03,2026-08-04 12:56
2026,Wyndham Championship,2026-08-09,Christiaan Bezuidenhout,7500,0.246,0.807,0.6659,0.0093,5.5,75.0,0.67,2026-08-04 12:56
2026,Wyndham Championship,2026-08-09,Rasmus Neergaard-Petersen,7300,0.243,0.7668,0.6453,0.0087,1.5,80.0,0.58,2026-08-04 12:56
2026,Wyndham Championship,2026-08-09,Chris Kirk,7400,0.238,0.7836,0.6459,0.0093,-1.5,75.0,0.23,2026-08-04 12:56
2026,Wyndham Championship,2026-08-09,Billy Horschel,7100,0.235,0.7534,0.6294,0.0087,-2.5,80.0,-0.07,2026-08-04 12:56
2026,Wyndham Championship,2026-08-09,Emiliano Grillo,7300,0.235,0.7634,0.6426,0.0087,0.5,80.0,0.53,2026-08-04 12:56
2026,Wyndham Championship,2026-08-09,Eric Cole,7400,0.235,0.7836,0.6619,0.0087,6.5,80.0,0.48,2026-08-04 12:56
2026,Wyndham Championship,2026-08-09,Rico Hoey,7100,0.234,0.6812,0.6359,0.0056,21.0,125.0,0.25,2026-08-04 12:56
2026,Wyndham Championship,2026-08-09,Nick Taylor,7300,0.23,0.7215,0.6133,0.0078,-3.0,90.0,0.31,2026-08-04 12:56
2026,Wyndham Championship,2026-08-09,Sepp Straka,7300,0.23,0.7349,0.6208,0.0078,1.0,90.0,-0.31,2026-08-04 12:56
2026,Wyndham Championship,2026-08-09,Rasmus Hojgaard,7600,0.228,0.6544,0.6009,0.0078,-23.0,90.0,0.28,2026-08-04 12:56
2026,Wyndham Championship,2026-08-09,Ben James,7400,0.225,0.7869,0.6403,0.0099,-8.5,70.0,0.14,2026-08-04 12:56
2026,Wyndham Championship,2026-08-09,Ricky Castillo,7100,0.223,0.703,0.6173,0.007,6.5,100.0,0.29,2026-08-04 12:56
2026,Wyndham Championship,2026-08-09,Jackson Suber,7200,0.218,0.6644,0.6016,0.0078,-20.0,90.0,0.5,2026-08-04 12:56
2026,Wyndham Championship,2026-08-09,Marco Penge,7200,0.216,0.6862,0.6115,0.007,1.5,100.0,-0.06,2026-08-04 12:56
2026,Wyndham Championship,2026-08-09,Lee Hodges,7000,0.216,0.6762,0.6102,0.007,-1.5,100.0,0.52,2026-08-04 12:56
2026,Wyndham Championship,2026-08-09,Johnny Keefer,7200,0.216,0.6829,0.6105,0.007,0.5,100.0,0.21,2026-08-04 12:56
2026,Wyndham Championship,2026-08-09,Max Greyserman,7400,0.216,0.693,0.6124,0.007,3.5,100.0,0.12,2026-08-04 12:56
2026,Wyndham Championship,2026-08-09,Matt McCarty,6900,0.214,0.6628,0.6067,0.007,-5.5,100.0,0.09,2026-08-04 12:56
2026,Wyndham Championship,2026-08-09,Denny McCarthy,7200,0.214,0.6896,0.6123,0.007,2.5,100.0,0.18,2026-08-04 12:56
2026,Wyndham Championship,2026-08-09,Andrew Novak,6900,0.214,0.6728,0.6089,0.007,-2.5,100.0,-0.31,2026-08-04 12:56
2026,Wyndham Championship,2026-08-09,Jason Day,7200,0.214,0.6007,0.6015,0.0056,-3.0,125.0,-0.09,2026-08-04 12:56
2026,Wyndham Championship,2026-08-09,Pierceson Coody,7200,0.214,0.6711,0.6197,0.0056,18.0,125.0,0.16,2026-08-04 12:56
2026,Wyndham Championship,2026-08-09,Kevin Yu,7100,0.208,0.6443,0.6103,0.0056,10.0,125.0,0.46,2026-08-04 12:56
2026,Wyndham Championship,2026-08-09,Max McGreevy,7000,0.208,0.6242,0.6061,0.0056,4.0,125.0,0.21,2026-08-04 12:56
2026,Wyndham Championship,2026-08-09,Sam Stevens,6900,0.208,0.6074,0.6021,0.0056,-1.0,125.0,-0.13,2026-08-04 12:56
2026,Wyndham Championship,2026-08-09,Sahith Theegala,7300,0.205,0.6913,0.6069,0.0078,-12.0,90.0,0.26,2026-08-04 12:56
2026,Wyndham Championship,2026-08-09,Zac Blair,7200,0.203,0.6997,0.6148,0.007,5.5,100.0,0.63,2026-08-04 12:56
2026,Wyndham Championship,2026-08-09,Tony Finau,7100,0.199,0.6107,0.6032,0.0056,0.0,125.0,-0.23,2026-08-04 12:56
2026,Wyndham Championship,2026-08-09,Daniel Berger,7000,0.197,0.6208,0.6058,0.0056,3.0,125.0,-0.13,2026-08-04 12:56
2026,Wyndham Championship,2026-08-09,Nico Echavarria,7000,0.194,0.6091,0.5907,0.007,-21.5,100.0,-0.14,2026-08-04 12:56
2026,Wyndham Championship,2026-08-09,Andrew Putnam,6700,0.191,0.6342,0.6079,0.0056,7.0,125.0,0.18,2026-08-04 12:56
2026,Wyndham Championship,2026-08-09,Beau Hossler,7000,0.186,0.6141,0.6041,0.0056,1.0,125.0,0.11,2026-08-04 12:56
2026,Wyndham Championship,2026-08-09,Kris Ventura,6800,0.183,0.5973,0.6015,0.0056,-4.0,125.0,-0.16,2026-08-04 12:56
2026,Wyndham Championship,2026-08-09,John Parry,6700,0.182,0.5503,0.5934,0.0047,2.0,150.0,0.15,2026-08-04 12:56
2026,Wyndham Championship,2026-08-09,Kevin Roy,7100,0.182,0.557,0.5965,0.0047,4.0,150.0,0.08,2026-08-04 12:56
2026,Wyndham Championship,2026-08-09,Stephan Jaeger,6900,0.178,0.547,0.5921,0.0047,1.0,150.0,0.36,2026-08-04 12:56
2026,Wyndham Championship,2026-08-09,Jesper Svensson,6800,0.172,0.5369,0.5905,0.0047,-2.0,150.0,-0.02,2026-08-04 12:56
2026,Wyndham Championship,2026-08-09,Aldrich Potgieter,6800,0.172,0.5268,0.577,0.0047,-5.0,150.0,-0.26,2026-08-04 12:56
2026,Wyndham Championship,2026-08-09,Steven Fisk,6900,0.172,0.5537,0.5935,0.0047,3.0,150.0,-0.23,2026-08-04 12:56
2026,Wyndham Championship,2026-08-09,Mackenzie Hughes,7000,0.166,0.5436,0.591,0.0047,0.0,150.0,0.03,2026-08-04 12:56
2026,Wyndham Championship,2026-08-09,Patrick Cantlay,10000,0.159,0.3171,0.6045,0.0001,91.5,1000.0,1.09,2026-08-04 12:56
2026,Wyndham Championship,2026-08-09,Lucas Glover,6800,0.158,0.5302,0.5826,0.0047,-4.0,150.0,-0.7,2026-08-04 12:56
2026,Wyndham Championship,2026-08-09,Zach Bauchou,7000,0.157,0.4782,0.5725,0.004,-4.5,175.0,0.23,2026-08-04 12:56
2026,Wyndham Championship,2026-08-09,Harry Hall,7000,0.155,0.4648,0.5696,0.004,-8.5,175.0,0.0,2026-08-04 12:56
2026,Wyndham Championship,2026-08-09,Taylor Pendrith,7100,0.154,0.448,0.5656,0.004,-13.5,175.0,-0.41,2026-08-04 12:56
2026,Wyndham Championship,2026-08-09,William Mouw,6800,0.153,0.495,0.5751,0.004,0.5,175.0,-0.01,2026-08-04 12:56
2026,Wyndham Championship,2026-08-09,Patrick Fishburn,6700,0.153,0.4631,0.577,0.0035,12.0,200.0,0.17,2026-08-04 12:56
2026,Wyndham Championship,2026-08-09,Seamus Power,6800,0.149,0.4396,0.5714,0.0035,5.0,200.0,0.14,2026-08-04 12:56
2026,Wyndham Championship,2026-08-09,Zecheng Dou,6700,0.148,0.4329,0.57,0.0035,3.0,200.0,0.23,2026-08-04 12:56
2026,Wyndham Championship,2026-08-09,Luke Clanton,6900,0.147,0.5336,0.5878,0.0047,-3.0,150.0,-0.23,2026-08-04 12:56
2026,Wyndham Championship,2026-08-09,Thorbjorn Olesen,6900,0.147,0.4916,0.5748,0.004,-0.5,175.0,-0.12,2026-08-04 12:56
2026,Wyndham Championship,2026-08-09,Austin Eckroat,7100,0.142,0.4883,0.5733,0.004,-1.5,175.0,0.04,2026-08-04 12:56
2026,Wyndham Championship,2026-08-09,Chandler Phillips,6600,0.142,0.4497,0.5727,0.0035,8.0,200.0,0.24,2026-08-04 12:56
2026,Wyndham Championship,2026-08-09,Taylor Moore,6900,0.138,0.4362,0.5707,0.0035,4.0,200.0,-0.08,2026-08-04 12:56
2026,Wyndham Championship,2026-08-09,Haotong Li,6700,0.138,0.406,0.561,0.0035,-5.0,200.0,-0.32,2026-08-04 12:56
2026,Wyndham Championship,2026-08-09,Matti Schmid,6800,0.138,0.4228,0.5667,0.0035,0.0,200.0,-0.19,2026-08-04 12:56
2026,Wyndham Championship,2026-08-09,Adrien Dumont de Chassart,6800,0.134,0.4161,0.566,0.0035,-2.0,200.0,0.06,2026-08-04 12:56
2026,Wyndham Championship,2026-08-09,Matt Kuchar,6500,0.133,0.4463,0.5725,0.0035,7.0,200.0,0.09,2026-08-04 12:56
2026,Wyndham Championship,2026-08-09,Chandler Blanchet,6700,0.129,0.4027,0.561,0.0035,-6.0,200.0,-0.38,2026-08-04 12:56
2026,Wyndham Championship,2026-08-09,Tom Hoge,6700,0.127,0.4094,0.5629,0.0035,-4.0,200.0,-0.57,2026-08-04 12:56
2026,Wyndham Championship,2026-08-09,Joel Dahmen,6500,0.126,0.4262,0.5669,0.0035,1.0,200.0,-0.09,2026-08-04 12:56
2026,Wyndham Championship,2026-08-09,Mark Hubbard,6600,0.125,0.4195,0.5665,0.0035,-1.0,200.0,-0.47,2026-08-04 12:56
2026,Wyndham Championship,2026-08-09,Davis Riley,6700,0.123,0.3792,0.5531,0.0035,-13.0,200.0,-0.84,2026-08-04 12:56
2026,Wyndham Championship,2026-08-09,Davis Chatfield,6300,0.123,0.396,0.5563,0.0035,-8.0,200.0,-0.08,2026-08-04 12:56
2026,Wyndham Championship,2026-08-09,Patrick Rodgers,6400,0.119,0.3238,0.5543,0.0023,7.5,300.0,-0.48,2026-08-04 12:56
2026,Wyndham Championship,2026-08-09,A.J. Ewart,6600,0.116,0.3372,0.5589,0.0023,11.5,300.0,0.26,2026-08-04 12:56
2026,Wyndham Championship,2026-08-09,Austin Smotherman,6600,0.113,0.3389,0.5501,0.0028,-3.0,250.0,-0.48,2026-08-04 12:56
2026,Wyndham Championship,2026-08-09,David Lipsky,6500,0.111,0.3523,0.5545,0.0028,1.0,250.0,-0.03,2026-08-04 12:56
2026,Wyndham Championship,2026-08-09,Karl Vilips,6600,0.11,0.3289,0.549,0.0028,-6.0,250.0,-0.3,2026-08-04 12:56
2026,Wyndham Championship,2026-08-09,Neal Shipley,6700,0.109,0.3188,0.5451,0.0028,-9.0,250.0,-0.33,2026-08-04 12:56
2026,Wyndham Championship,2026-08-09,Takumi Kanaya,6500,0.108,0.3557,0.5558,0.0028,2.0,250.0,-0.1,2026-08-04 12:56
2026,Wyndham Championship,2026-08-09,Garrick Higgo,6500,0.106,0.2836,0.5418,0.0023,-4.5,300.0,-0.53,2026-08-04 12:56
2026,Wyndham Championship,2026-08-09,Brandt Snedeker,6500,0.104,0.3356,0.5501,0.0028,-4.0,250.0,-0.22,2026-08-04 12:56
2026,Wyndham Championship,2026-08-09,Chad Ramey,6400,0.102,0.307,0.5499,0.0023,2.5,300.0,-0.35,2026-08-04 12:56
2026,Wyndham Championship,2026-08-09,Webb Simpson,6600,0.102,0.3121,0.5419,0.0028,-11.0,250.0,-0.51,2026-08-04 12:56
2026,Wyndham Championship,2026-08-09,Adrien Saddier,6400,0.101,0.2601,0.5389,0.002,0.5,350.0,-0.41,2026-08-04 12:56
2026,Wyndham Championship,2026-08-09,Vince Whaley,6400,0.1,0.3003,0.5539,0.002,12.5,350.0,-0.05,2026-08-04 12:56
2026,Wyndham Championship,2026-08-09,Hank Lebioda,6300,0.095,0.2483,0.542,0.0018,10.0,400.0,-0.04,2026-08-04 12:56
2026,Wyndham Championship,2026-08-09,Matthieu Pavon,6400,0.094,0.297,0.5462,0.0023,-0.5,300.0,-0.25,2026-08-04 12:56
2026,Wyndham Championship,2026-08-09,Erik van Rooyen,6300,0.093,0.2148,0.5285,0.0018,0.0,400.0,-0.07,2026-08-04 12:56
2026,Wyndham Championship,2026-08-09,Justin Lower,6400,0.09,0.2768,0.5384,0.0023,-6.5,300.0,-0.6,2026-08-04 12:56
2026,Wyndham Championship,2026-08-09,Trace Crowe,6300,0.09,0.2601,0.5288,0.0023,-11.5,300.0,-0.88,2026-08-04 12:56
2026,Wyndham Championship,2026-08-09,Brice Garnett,6100,0.09,0.2534,0.5343,0.002,-1.5,350.0,-0.51,2026-08-04 12:56
2026,Wyndham Championship,2026-08-09,Kevin Streelman,6200,0.089,0.2282,0.5304,0.0018,4.0,400.0,-0.31,2026-08-04 12:56
2026,Wyndham Championship,2026-08-09,Pontus Nyholm,6300,0.088,0.2013,0.5155,0.0018,-4.0,400.0,-0.63,2026-08-04 12:56
2026,Wyndham Championship,2026-08-09,Dylan Wu,6200,0.088,0.2114,0.5272,0.0018,-1.0,400.0,-0.55,2026-08-04 12:56
2026,Wyndham Championship,2026-08-09,Lanto Griffin,6400,0.087,0.2081,0.5216,0.0018,-2.0,400.0,-0.53,2026-08-04 12:56
2026,Wyndham Championship,2026-08-09,Adam Svensson,6400,0.086,0.2466,0.5293,0.002,-3.5,350.0,-0.49,2026-08-04 12:56
2026,Wyndham Championship,2026-08-09,Hayden Springer,6200,0.084,0.2047,0.5207,0.0018,-3.0,400.0,-0.35,2026-08-04 12:56
2026,Wyndham Championship,2026-08-09,Ben Silverman,6300,0.078,0.2315,0.5486,0.0014,21.0,500.0,0.0,2026-08-04 12:56
2026,Wyndham Championship,2026-08-09,Adam Schenk,6100,0.076,0.1527,0.5124,0.0012,8.5,600.0,-0.84,2026-08-04 12:56
2026,Wyndham Championship,2026-08-09,Nick Dunlap,6300,0.076,0.1946,0.512,0.0018,-6.0,400.0,-1.0,2026-08-04 12:56
2026,Wyndham Championship,2026-08-09,Aaron Wise,6500,0.076,0.2232,0.5048,0.0023,-22.5,300.0,-0.9,2026-08-04 12:56
2026,Wyndham Championship,2026-08-09,Kensei Hirata,6100,0.074,0.1208,0.5036,0.0009,6.0,800.0,-0.9,2026-08-04 12:56
2026,Wyndham Championship,2026-08-09,John VanDerLaan,6200,0.065,0.1477,0.5004,0.0014,-4.0,500.0,-0.84,2026-08-04 12:56
2026,Wyndham Championship,2026-08-09,Brian Campbell,6200,0.063,0.1611,0.4912,0.0018,-16.0,400.0,-1.19,2026-08-04 12:56
2026,Wyndham Championship,2026-08-09,Jeffrey Kang,6200,0.062,0.1107,0.4985,0.0009,3.0,800.0,-0.89,2026-08-04 12:56
2026,Wyndham Championship,2026-08-09,Camilo Villegas,6100,0.06,0.146,0.5096,0.0012,6.5,600.0,-0.52,2026-08-04 12:56
2026,Wyndham Championship,2026-08-09,Jimmy Stanger,6100,0.06,0.1191,0.529,0.0001,32.5,1000.0,-0.11,2026-08-04 12:56
2026,Wyndham Championship,2026-08-09,C.T. Pan,6300,0.058,0.1443,0.4991,0.0014,-5.0,500.0,-0.08,2026-08-04 12:56
2026,Wyndham Championship,2026-08-09,Luke List,6200,0.058,0.1611,0.507,0.0014,0.0,500.0,-0.66,2026-08-04 12:56
2026,Wyndham Championship,2026-08-09,Gordon Sargent,6200,0.055,0.1242,0.4623,0.0014,-11.0,500.0,-1.04,2026-08-04 12:56
2026,Wyndham Championship,2026-08-09,Patton Kizzire,6000,0.055,0.0721,0.4606,0.0007,0.5,1000.0,-1.56,2026-08-04 12:56
2026,Wyndham Championship,2026-08-09,Danny Walker,6100,0.054,0.0654,0.4592,0.0007,-1.5,1000.0,-1.35,2026-08-04 12:56
2026,Wyndham Championship,2026-08-09,Stefano Mazzoli,6100,0.054,0.0956,0.4601,0.0012,-8.5,600.0,-1.41,2026-08-04 12:56
2026,Wyndham Championship,2026-08-09,Peter Malnati,6100,0.053,0.1074,0.493,0.0009,2.0,800.0,-1.0,2026-08-04 12:56
2026,Wyndham Championship,2026-08-09,Joe Highsmith,6200,0.052,0.1577,0.5068,0.0014,-1.0,500.0,-0.98,2026-08-04 12:56
2026,Wyndham Championship,2026-08-09,Cam Davis,6100,0.05,0.1091,0.4629,0.0012,-4.5,600.0,-1.36,2026-08-04 12:56
2026,Wyndham Championship,2026-08-09,Kihei Akina,6500,0.043,0.0973,0.4441,0.0014,-19.0,500.0,-0.49,2026-08-04 12:56
2026,Wyndham Championship,2026-08-09,Alejandro Tosti,6000,0.04,0.0755,0.4616,0.0007,1.5,1000.0,-1.77,2026-08-04 12:56
2026,Wyndham Championship,2026-08-09,Tyler Collet,6000,0.039,0.0336,0.4344,0.0004,-2.0,1000.0,-0.29,2026-08-04 12:56
2026,Wyndham Championship,2026-08-09,Christo Lamprecht,6000,0.038,0.0587,0.4537,0.0007,-3.5,1000.0,-2.05,2026-08-04 12:56
2026,Wyndham Championship,2026-08-09,William McGirt,6000,0.036,0.0856,0.4678,0.0007,4.5,1000.0,-0.01,2026-08-04 12:56
2026,Wyndham Championship,2026-08-09,Marcelo Rozo,6000,0.03,0.0621,0.4568,0.0007,-2.5,1000.0,-1.29,2026-08-04 12:56
2026,Wyndham Championship,2026-08-09,Keenan Huskey,6000,0.026,0.0302,0.4233,0.0004,-3.0,1000.0,-3.08,2026-08-04 12:56
2026,Wyndham Championship,2026-08-09,Rafael Campos,6000,0.025,0.0403,0.4464,0.0004,0.0,1000.0,-1.68,2026-08-04 12:56
2026,Wyndham Championship,2026-08-09,Cooper Hrabak,6000,0.019,0.0168,0.4204,0.0001,-1.0,1000.0,-0.34,2026-08-04 12:56
2026,Wyndham Championship,2026-08-09,Lorenzo Rodriguez,6000,0.019,0.0168,0.4202,0.0002,-3.0,1000.0,-0.34,2026-08-04 12:56
2026,FedEx St. Jude Championship,2026-08-16,Scottie Scheffler,13500,0.732,1.0,0.8797,0.1209,0.0,5.0,2.35,2026-08-11 11:37
2026,FedEx St. Jude Championship,2026-08-16,Rory McIlroy,11500,0.524,0.9783,0.6633,0.0484,-1.0,14.0,1.62,2026-08-11 11:37
2026,FedEx St. Jude Championship,2026-08-16,Tommy Fleetwood,10200,0.486,0.9674,0.6817,0.0346,2.5,20.0,1.48,2026-08-11 11:37
2026,FedEx St. Jude Championship,2026-08-16,Xander Schauffele,10000,0.446,0.8768,0.5936,0.0382,-13.0,18.0,1.15,2026-08-11 11:37
2026,FedEx St. Jude Championship,2026-08-16,Russell Henley,8600,0.427,0.8841,0.6378,0.0234,8.0,30.0,1.14,2026-08-11 11:37
2026,FedEx St. Jude Championship,2026-08-16,Matt Fitzpatrick,9900,0.412,0.8659,0.6091,0.0279,-3.5,25.0,1.43,2026-08-11 11:37
2026,FedEx St. Jude Championship,2026-08-16,Ludvig Aberg,9100,0.412,0.8732,0.6123,0.0279,-2.5,25.0,1.13,2026-08-11 11:37
2026,FedEx St. Jude Championship,2026-08-16,Patrick Cantlay,8800,0.412,0.8623,0.6302,0.0234,5.0,30.0,1.09,2026-08-11 11:37
2026,FedEx St. Jude Championship,2026-08-16,Justin Thomas,8100,0.411,0.9239,0.6477,0.0279,4.5,25.0,0.79,2026-08-11 11:37
2026,FedEx St. Jude Championship,2026-08-16,Cameron Young,9700,0.41,0.8804,0.5971,0.0346,-9.5,20.0,1.18,2026-08-11 11:37
2026,FedEx St. Jude Championship,2026-08-16,Sam Burns,9500,0.409,0.8587,0.6026,0.0279,-4.5,25.0,1.36,2026-08-11 11:37
2026,FedEx St. Jude Championship,2026-08-16,Si Woo Kim,8700,0.409,0.8551,0.6244,0.0234,4.0,30.0,1.2,2026-08-11 11:37
2026,FedEx St. Jude Championship,2026-08-16,Collin Morikawa,9300,0.403,0.9094,0.6369,0.0279,2.5,25.0,1.25,2026-08-11 11:37
2026,FedEx St. Jude Championship,2026-08-16,Hideki Matsuyama,9000,0.4,0.8804,0.6184,0.0279,-1.5,25.0,1.07,2026-08-11 11:37
2026,FedEx St. Jude Championship,2026-08-16,Viktor Hovland,8400,0.377,0.779,0.5906,0.0202,-1.5,35.0,0.89,2026-08-11 11:37
2026,FedEx St. Jude Championship,2026-08-16,J.J. Spaun,7800,0.355,0.75,0.5943,0.0142,6.5,50.0,0.84,2026-08-11 11:37
2026,FedEx St. Jude Championship,2026-08-16,Chris Gotterup,8900,0.346,0.721,0.5513,0.0202,-9.5,35.0,1.01,2026-08-11 11:37
2026,FedEx St. Jude Championship,2026-08-16,Robert MacIntyre,8300,0.337,0.6522,0.534,0.0158,-12.0,45.0,0.93,2026-08-11 11:37
2026,FedEx St. Jude Championship,2026-08-16,Jackson Koivun,8200,0.329,0.7428,0.561,0.0177,-2.5,40.0,1.43,2026-08-11 11:37
2026,FedEx St. Jude Championship,2026-08-16,Ben Griffin,7700,0.32,0.6304,0.544,0.013,-3.0,55.0,0.82,2026-08-11 11:37
2026,FedEx St. Jude Championship,2026-08-16,Tom Kim,7900,0.318,0.7572,0.571,0.0177,-0.5,40.0,0.98,2026-08-11 11:37
2026,FedEx St. Jude Championship,2026-08-16,Kurt Kitayama,7600,0.31,0.7572,0.6321,0.0119,21.5,60.0,0.7,2026-08-11 11:37
2026,FedEx St. Jude Championship,2026-08-16,Wyndham Clark,8500,0.31,0.6703,0.5505,0.0142,-4.5,50.0,1.11,2026-08-11 11:37
2026,FedEx St. Jude Championship,2026-08-16,Maverick McNealy,7600,0.31,0.692,0.5559,0.0142,-1.5,50.0,0.77,2026-08-11 11:37
2026,FedEx St. Jude Championship,2026-08-16,Rickie Fowler,7500,0.308,0.6486,0.5587,0.0119,6.5,60.0,0.69,2026-08-11 11:37
2026,FedEx St. Jude Championship,2026-08-16,Ryan Gerard,7400,0.302,0.6594,0.5537,0.013,1.0,55.0,0.84,2026-08-11 11:37
2026,FedEx St. Jude Championship,2026-08-16,Min Woo Lee,7700,0.295,0.5217,0.5009,0.013,-18.0,55.0,0.61,2026-08-11 11:37
2026,FedEx St. Jude Championship,2026-08-16,Michael Brennan,7400,0.294,0.6558,0.5597,0.0119,7.5,60.0,0.82,2026-08-11 11:37
2026,FedEx St. Jude Championship,2026-08-16,Justin Rose,8000,0.287,0.4312,0.4513,0.0119,-23.5,60.0,0.7,2026-08-11 11:37
2026,FedEx St. Jude Championship,2026-08-16,Michael Thorbjornsen,7500,0.286,0.5906,0.52,0.0142,-15.5,50.0,0.84,2026-08-11 11:37
2026,FedEx St. Jude Championship,2026-08-16,Alex Noren,7100,0.265,0.5036,0.5334,0.009,6.5,80.0,0.55,2026-08-11 11:37
2026,FedEx St. Jude Championship,2026-08-16,Alex Fitzpatrick,6800,0.258,0.4819,0.5263,0.009,3.5,80.0,0.73,2026-08-11 11:37
2026,FedEx St. Jude Championship,2026-08-16,Kristoffer Reitan,7100,0.245,0.4964,0.5281,0.009,5.5,80.0,0.55,2026-08-11 11:37
2026,FedEx St. Jude Championship,2026-08-16,Jacob Bridgeman,7200,0.242,0.4891,0.5265,0.009,4.5,80.0,0.69,2026-08-11 11:37
2026,FedEx St. Jude Championship,2026-08-16,Akshay Bhatia,7300,0.241,0.5109,0.5186,0.0102,-6.5,70.0,0.62,2026-08-11 11:37
2026,FedEx St. Jude Championship,2026-08-16,Alex Smalley,7000,0.238,0.5181,0.5347,0.009,8.5,80.0,0.67,2026-08-11 11:37
2026,FedEx St. Jude Championship,2026-08-16,Harris English,6900,0.238,0.4746,0.5236,0.009,2.5,80.0,0.36,2026-08-11 11:37
2026,FedEx St. Jude Championship,2026-08-16,Aaron Rai,6800,0.234,0.6486,0.5663,0.0102,12.5,70.0,0.5,2026-08-11 11:37
2026,FedEx St. Jude Championship,2026-08-16,Jordan Smith,6600,0.231,0.3913,0.5124,0.008,6.0,90.0,0.63,2026-08-11 11:37
2026,FedEx St. Jude Championship,2026-08-16,Adam Scott,7000,0.23,0.4094,0.4972,0.009,-6.5,80.0,0.47,2026-08-11 11:37
2026,FedEx St. Jude Championship,2026-08-16,Jordan Spieth,6900,0.23,0.5254,0.5429,0.009,9.5,80.0,0.25,2026-08-11 11:37
2026,FedEx St. Jude Championship,2026-08-16,Jake Knapp,7000,0.227,0.4529,0.5144,0.009,-0.5,80.0,0.64,2026-08-11 11:37
2026,FedEx St. Jude Championship,2026-08-16,Corey Conners,6700,0.227,0.3623,0.4997,0.008,2.0,90.0,0.35,2026-08-11 11:37
2026,FedEx St. Jude Championship,2026-08-16,Nicolai Hojgaard,7200,0.219,0.3442,0.4421,0.009,-15.5,80.0,0.55,2026-08-11 11:37
2026,FedEx St. Jude Championship,2026-08-16,Shane Lowry,7300,0.217,0.5399,0.5472,0.009,11.5,80.0,0.66,2026-08-11 11:37
2026,FedEx St. Jude Championship,2026-08-16,Sungjae Im,6700,0.214,0.4312,0.5036,0.009,-3.5,80.0,0.36,2026-08-11 11:37
2026,FedEx St. Jude Championship,2026-08-16,Bud Cauley,6500,0.214,0.308,0.4684,0.0072,1.5,100.0,0.42,2026-08-11 11:37
2026,FedEx St. Jude Championship,2026-08-16,Keith Mitchell,6900,0.2,0.3841,0.5093,0.008,5.0,90.0,0.64,2026-08-11 11:37
2026,FedEx St. Jude Championship,2026-08-16,Gary Woodland,6700,0.189,0.2935,0.4513,0.0072,-0.5,100.0,0.33,2026-08-11 11:37
2026,FedEx St. Jude Championship,2026-08-16,Eric Cole,6600,0.187,0.3225,0.4852,0.0072,3.5,100.0,0.51,2026-08-11 11:37
2026,FedEx St. Jude Championship,2026-08-16,Ryan Fox,6800,0.185,0.2536,0.4538,0.0048,7.0,150.0,0.55,2026-08-11 11:37
2026,FedEx St. Jude Championship,2026-08-16,Sahith Theegala,6600,0.182,0.3152,0.4715,0.0072,2.5,100.0,0.28,2026-08-11 11:37
2026,FedEx St. Jude Championship,2026-08-16,Brian Harman,6500,0.172,0.2138,0.4332,0.0058,-5.5,125.0,0.25,2026-08-11 11:37
2026,FedEx St. Jude Championship,2026-08-16,Harry Hall,6400,0.162,0.221,0.4335,0.0058,-4.5,125.0,0.25,2026-08-11 11:37
2026,FedEx St. Jude Championship,2026-08-16,Michael Kim,6500,0.16,0.1739,0.4257,0.0048,-4.0,150.0,0.32,2026-08-11 11:37
2026,FedEx St. Jude Championship,2026-08-16,Ryo Hisatsune,6300,0.16,0.2101,0.4365,0.0048,1.0,150.0,0.21,2026-08-11 11:37
2026,FedEx St. Jude Championship,2026-08-16,J.T. Poston,6300,0.158,0.1594,0.4098,0.0048,-6.0,150.0,0.25,2026-08-11 11:37
2026,FedEx St. Jude Championship,2026-08-16,Sepp Straka,6200,0.146,0.1014,0.3865,0.0041,-6.0,175.0,-0.43,2026-08-11 11:37
2026,FedEx St. Jude Championship,2026-08-16,Ricky Castillo,6200,0.143,0.1739,0.445,0.0036,10.0,200.0,0.3,2026-08-11 11:37
2026,FedEx St. Jude Championship,2026-08-16,Nico Echavarria,6300,0.142,0.1377,0.3988,0.0048,-9.0,150.0,0.05,2026-08-11 11:37
2026,FedEx St. Jude Championship,2026-08-16,Sudarshan Yellamaraju,6200,0.137,0.1304,0.4264,0.0036,4.0,200.0,0.34,2026-08-11 11:37
2026,FedEx St. Jude Championship,2026-08-16,Matt McCarty,6100,0.137,0.1377,0.4132,0.0041,-1.0,175.0,0.16,2026-08-11 11:37
2026,FedEx St. Jude Championship,2026-08-16,Max Homa,6400,0.133,0.1739,0.4336,0.0041,4.0,175.0,0.3,2026-08-11 11:37
2026,FedEx St. Jude Championship,2026-08-16,Nick Taylor,6400,0.13,0.1884,0.4513,0.0036,12.0,200.0,0.24,2026-08-11 11:37
2026,FedEx St. Jude Championship,2026-08-16,Pierceson Coody,6000,0.126,0.0652,0.4069,0.0024,3.0,300.0,0.0,2026-08-11 11:37
2026,FedEx St. Jude Championship,2026-08-16,Sam Stevens,6100,0.121,0.087,0.4095,0.0029,2.0,250.0,-0.17,2026-08-11 11:37
2026,FedEx St. Jude Championship,2026-08-16,Matti Schmid,6000,0.1,0.0435,0.3701,0.0024,0.0,300.0,-0.23,2026-08-11 11:37
2026,FedEx St. Jude Championship,2026-08-16,Aldrich Potgieter,6100,0.091,0.0362,0.3546,0.0024,-1.0,300.0,-0.53,2026-08-11 11:37
2026,FedEx St. Jude Championship,2026-08-16,Patrick Rodgers,6000,0.086,0.0145,0.3447,0.0014,0.0,500.0,-0.51,2026-08-11 11:37
2026,BMW Championship,2026-08-23,Scottie Scheffler,14400,0.69,1.0,0.8952,0.1846,0.0,3.0,2.51,2026-08-18 13:47
2026,BMW Championship,2026-08-23,Tommy Fleetwood,10900,0.489,0.95,0.6898,0.0389,3.0,18.0,1.46,2026-08-18 13:47
2026,BMW Championship,2026-08-23,Rory McIlroy,11400,0.475,0.815,0.5719,0.0434,-15.5,16.0,1.12,2026-08-18 13:47
2026,BMW Championship,2026-08-23,Xander Schauffele,9900,0.444,0.895,0.6055,0.0434,-7.5,16.0,1.16,2026-08-18 13:47
2026,BMW Championship,2026-08-23,Ludvig Aberg,9700,0.444,0.9,0.637,0.0389,-2.0,18.0,1.15,2026-08-18 13:47
2026,BMW Championship,2026-08-23,Matt Fitzpatrick,9300,0.44,0.895,0.6393,0.0352,2.5,20.0,1.39,2026-08-18 13:47
2026,BMW Championship,2026-08-23,Sam Burns,10400,0.429,0.94,0.6445,0.0389,2.0,18.0,1.41,2026-08-18 13:47
2026,BMW Championship,2026-08-23,Cameron Young,9400,0.404,0.795,0.5756,0.0352,-7.5,20.0,1.06,2026-08-18 13:47
2026,BMW Championship,2026-08-23,Si Woo Kim,9100,0.393,0.86,0.6388,0.0284,4.0,25.0,1.27,2026-08-18 13:47
2026,BMW Championship,2026-08-23,Hideki Matsuyama,9000,0.38,0.88,0.6402,0.0284,6.0,25.0,1.09,2026-08-18 13:47
2026,BMW Championship,2026-08-23,Chris Gotterup,8900,0.371,0.73,0.5694,0.0284,-9.0,25.0,0.95,2026-08-18 13:47
2026,BMW Championship,2026-08-23,Collin Morikawa,8600,0.369,0.785,0.6034,0.0238,1.5,30.0,0.99,2026-08-18 13:47
2026,BMW Championship,2026-08-23,Viktor Hovland,8800,0.365,0.775,0.5884,0.0238,0.5,30.0,0.88,2026-08-18 13:47
2026,BMW Championship,2026-08-23,Patrick Cantlay,8500,0.362,0.78,0.6124,0.0205,6.0,35.0,1.08,2026-08-18 13:47
2026,BMW Championship,2026-08-23,Russell Henley,8400,0.356,0.7,0.5762,0.018,4.0,40.0,1.05,2026-08-18 13:47
2026,BMW Championship,2026-08-23,Justin Thomas,8300,0.356,0.74,0.5857,0.0205,2.0,35.0,0.65,2026-08-18 13:47
2026,BMW Championship,2026-08-23,Wyndham Clark,8700,0.341,0.7,0.5739,0.0205,-2.0,35.0,1.16,2026-08-18 13:47
2026,BMW Championship,2026-08-23,Kurt Kitayama,7900,0.341,0.74,0.6203,0.0161,12.0,45.0,0.73,2026-08-18 13:47
2026,BMW Championship,2026-08-23,J.J. Spaun,7600,0.327,0.555,0.5573,0.0132,4.5,55.0,0.77,2026-08-18 13:47
2026,BMW Championship,2026-08-23,Maverick McNealy,8000,0.32,0.575,0.554,0.0145,0.5,50.0,0.77,2026-08-18 13:47
2026,BMW Championship,2026-08-23,Tom Kim,8100,0.309,0.68,0.5746,0.018,2.0,40.0,0.99,2026-08-18 13:47
2026,BMW Championship,2026-08-23,Jake Knapp,8200,0.308,0.64,0.5676,0.018,-2.0,40.0,0.73,2026-08-18 13:47
2026,BMW Championship,2026-08-23,Ben Griffin,6900,0.3,0.465,0.5345,0.0121,1.5,60.0,0.72,2026-08-18 13:47
2026,BMW Championship,2026-08-23,Michael Brennan,7300,0.284,0.525,0.5481,0.0132,1.5,55.0,0.72,2026-08-18 13:47
2026,BMW Championship,2026-08-23,Rickie Fowler,7400,0.284,0.485,0.548,0.0121,3.5,60.0,0.63,2026-08-18 13:47
2026,BMW Championship,2026-08-23,Adam Scott,7100,0.283,0.505,0.5493,0.0121,5.5,60.0,0.54,2026-08-18 13:47
2026,BMW Championship,2026-08-23,Ryan Gerard,7800,0.282,0.535,0.5446,0.0145,-3.5,50.0,0.82,2026-08-18 13:47
2026,BMW Championship,2026-08-23,Min Woo Lee,7200,0.275,0.435,0.4992,0.0145,-13.5,50.0,0.42,2026-08-18 13:47
2026,BMW Championship,2026-08-23,Alex Noren,6900,0.263,0.405,0.5309,0.0104,3.5,70.0,0.67,2026-08-18 13:47
2026,BMW Championship,2026-08-23,Robert MacIntyre,7700,0.257,0.31,0.5019,0.0091,1.0,80.0,0.59,2026-08-18 13:47
2026,BMW Championship,2026-08-23,Michael Thorbjornsen,7500,0.253,0.455,0.5085,0.0145,-11.5,50.0,0.7,2026-08-18 13:47
2026,BMW Championship,2026-08-23,Sungjae Im,7000,0.253,0.415,0.5221,0.0121,-3.5,60.0,0.46,2026-08-18 13:47
2026,BMW Championship,2026-08-23,Justin Rose,6800,0.24,0.225,0.4083,0.0104,-14.5,70.0,0.59,2026-08-18 13:47
2026,BMW Championship,2026-08-23,Alex Smalley,6700,0.236,0.415,0.5339,0.0104,4.5,70.0,0.66,2026-08-18 13:47
2026,BMW Championship,2026-08-23,Kristoffer Reitan,6500,0.232,0.33,0.5162,0.0091,3.0,80.0,0.34,2026-08-18 13:47
2026,BMW Championship,2026-08-23,Jacob Bridgeman,6800,0.228,0.36,0.524,0.0091,6.0,80.0,0.66,2026-08-18 13:47
2026,BMW Championship,2026-08-23,Nicolai Hojgaard,6700,0.216,0.315,0.4462,0.0104,-5.5,70.0,0.5,2026-08-18 13:47
2026,BMW Championship,2026-08-23,Bud Cauley,6600,0.214,0.33,0.5236,0.0081,7.0,90.0,0.47,2026-08-18 13:47
2026,BMW Championship,2026-08-23,Alex Fitzpatrick,6500,0.214,0.24,0.4608,0.0073,4.0,100.0,0.43,2026-08-18 13:47
2026,BMW Championship,2026-08-23,Ryan Fox,6200,0.202,0.11,0.3891,0.0073,-9.0,100.0,0.35,2026-08-18 13:47
2026,BMW Championship,2026-08-23,Akshay Bhatia,6300,0.19,0.16,0.4169,0.0073,-4.0,100.0,0.2,2026-08-18 13:47
2026,BMW Championship,2026-08-23,Gary Woodland,6600,0.189,0.2,0.4384,0.0073,0.0,100.0,0.26,2026-08-18 13:47
2026,BMW Championship,2026-08-23,Aaron Rai,6400,0.178,0.22,0.4414,0.0073,2.0,100.0,0.23,2026-08-18 13:47
2026,BMW Championship,2026-08-23,J.T. Poston,6400,0.17,0.15,0.4251,0.0059,1.0,125.0,0.28,2026-08-18 13:47
2026,BMW Championship,2026-08-23,Eric Cole,6300,0.155,0.16,0.439,0.0049,6.0,150.0,0.35,2026-08-18 13:47
2026,BMW Championship,2026-08-23,Ryo Hisatsune,6200,0.149,0.12,0.4208,0.0049,2.0,150.0,0.13,2026-08-18 13:47
2026,BMW Championship,2026-08-23,Nico Echavarria,6100,0.146,0.1,0.4118,0.0049,0.0,150.0,0.13,2026-08-18 13:47
2026,BMW Championship,2026-08-23,Sepp Straka,6000,0.124,0.045,0.3974,0.0037,-0.5,200.0,-0.38,2026-08-18 13:47
2026,BMW Championship,2026-08-23,Sahith Theegala,6100,0.121,0.115,0.4274,0.0037,6.5,200.0,0.03,2026-08-18 13:47
2026,BMW Championship,2026-08-23,Matt McCarty,6000,0.119,0.04,0.4006,0.0029,2.0,250.0,-0.01,2026-08-18 13:47
2026,TOUR Championship,2026-08-30,Scottie Scheffler,14000,0.684,1.0,0.8731,0.1742,0.0,3.5,2.33,2026-08-25 17:49
2026,TOUR Championship,2026-08-30,Rory McIlroy,11000,0.484,0.9417,0.6357,0.0712,-0.5,10.0,1.24,2026-08-25 17:49
2026,TOUR Championship,2026-08-30,Tommy Fleetwood,9000,0.452,0.8,0.6074,0.0412,2.0,18.0,1.17,2026-08-25 17:49
2026,TOUR Championship,2026-08-30,Xander Schauffele,10000,0.442,0.925,0.6263,0.0712,-1.5,10.0,1.04,2026-08-25 17:49
2026,TOUR Championship,2026-08-30,Ludvig Aberg,9700,0.425,0.8333,0.5991,0.0461,-2.0,16.0,1.07,2026-08-25 17:49
2026,TOUR Championship,2026-08-30,Patrick Cantlay,8900,0.419,0.9167,0.6468,0.0461,3.0,16.0,1.2,2026-08-25 17:49
2026,TOUR Championship,2026-08-30,Collin Morikawa,8100,0.411,0.7667,0.5866,0.0412,0.0,18.0,1.08,2026-08-25 17:49
2026,TOUR Championship,2026-08-30,Sam Burns,9200,0.405,0.75,0.5845,0.0412,-1.0,18.0,1.24,2026-08-25 17:49
2026,TOUR Championship,2026-08-30,Wyndham Clark,9400,0.404,0.7833,0.583,0.0461,-5.0,16.0,1.32,2026-08-25 17:49
2026,TOUR Championship,2026-08-30,Chris Gotterup,7900,0.4,0.6,0.5531,0.0373,-4.0,20.0,1.02,2026-08-25 17:49
2026,TOUR Championship,2026-08-30,Matt Fitzpatrick,7800,0.4,0.6667,0.579,0.0373,0.0,20.0,1.22,2026-08-25 17:49
2026,TOUR Championship,2026-08-30,Russell Henley,7500,0.397,0.7167,0.6096,0.0301,9.0,25.0,1.01,2026-08-25 17:49
2026,TOUR Championship,2026-08-30,Viktor Hovland,7300,0.391,0.6,0.576,0.0301,2.0,25.0,0.72,2026-08-25 17:49
2026,TOUR Championship,2026-08-30,Hideki Matsuyama,7600,0.382,0.5333,0.559,0.0253,2.0,30.0,0.98,2026-08-25 17:49
2026,TOUR Championship,2026-08-30,Cameron Young,8500,0.369,0.5833,0.5336,0.0373,-5.0,20.0,0.9,2026-08-25 17:49
2026,TOUR Championship,2026-08-30,Si Woo Kim,7700,0.366,0.5833,0.5663,0.0301,1.0,25.0,1.12,2026-08-25 17:49
2026,TOUR Championship,2026-08-30,Robert MacIntyre,7100,0.351,0.3833,0.4932,0.0191,-5.0,40.0,0.66,2026-08-25 17:49
2026,TOUR Championship,2026-08-30,J.J. Spaun,7200,0.314,0.4083,0.5133,0.017,1.5,45.0,0.71,2026-08-25 17:49
2026,TOUR Championship,2026-08-30,Ryan Gerard,7400,0.296,0.375,0.5087,0.017,-0.5,45.0,0.79,2026-08-25 17:49
2026,TOUR Championship,2026-08-30,Adam Scott,6500,0.286,0.3583,0.495,0.017,-1.5,45.0,0.52,2026-08-25 17:49
2026,TOUR Championship,2026-08-30,Tom Kim,6800,0.285,0.425,0.5202,0.017,2.5,45.0,0.87,2026-08-25 17:49
2026,TOUR Championship,2026-08-30,Jacob Bridgeman,7000,0.261,0.3,0.5109,0.0128,6.0,60.0,0.69,2026-08-25 17:49
2026,TOUR Championship,2026-08-30,Alex Smalley,6300,0.261,0.2333,0.4921,0.0128,2.0,60.0,0.63,2026-08-25 17:49
2026,TOUR Championship,2026-08-30,Min Woo Lee,6700,0.259,0.15,0.4426,0.0128,-3.0,60.0,0.22,2026-08-25 17:49
2026,TOUR Championship,2026-08-30,Justin Rose,6900,0.255,0.175,0.4282,0.0154,-6.5,50.0,0.54,2026-08-25 17:49
2026,TOUR Championship,2026-08-30,Gary Woodland,6600,0.25,0.2583,0.4841,0.0154,-1.5,50.0,0.41,2026-08-25 17:49
2026,TOUR Championship,2026-08-30,Kristoffer Reitan,6400,0.232,0.1667,0.4816,0.011,2.0,70.0,0.31,2026-08-25 17:49
2026,TOUR Championship,2026-08-30,Alex Fitzpatrick,6200,0.221,0.1333,0.4693,0.0097,2.0,80.0,0.22,2026-08-25 17:49
2026,TOUR Championship,2026-08-30,Akshay Bhatia,6100,0.213,0.1,0.4582,0.0086,2.0,90.0,0.24,2026-08-25 17:49
2026,TOUR Championship,2026-08-30,Ryan Fox,6000,0.175,0.0333,0.3645,0.0078,0.0,100.0,0.16,2026-08-25 17:49
2026,Biltmore Championship Asheville,2026-09-20,Jackson Koivun,10500,0.503,1.0,0.7669,0.0531,0.0,12.0,1.25,2026-09-15 08:29
2026,Biltmore Championship Asheville,2026-09-20,Jacob Bridgeman,10300,0.444,0.9922,0.7371,0.0363,0.0,18.0,0.7,2026-09-15 08:29
2026,Biltmore Championship Asheville,2026-09-20,Davis Thompson,9700,0.398,0.9766,0.6957,0.0265,0.0,25.0,0.76,2026-09-15 08:29
2026,Biltmore Championship Asheville,2026-09-20,Doug Ghim,10000,0.392,0.9805,0.6963,0.0265,1.0,25.0,0.93,2026-09-15 08:29
2026,Biltmore Championship Asheville,2026-09-20,Corey Conners,9400,0.382,0.959,0.6845,0.0223,2.5,30.0,0.27,2026-09-15 08:29
2026,Biltmore Championship Asheville,2026-09-20,Ben James,9500,0.378,0.9648,0.6798,0.0265,-3.0,25.0,0.76,2026-09-15 08:29
2026,Biltmore Championship Asheville,2026-09-20,Rasmus Hojgaard,9800,0.362,0.9551,0.6821,0.0223,1.5,30.0,0.29,2026-09-15 08:29
2026,Biltmore Championship Asheville,2026-09-20,J.T. Poston,8900,0.353,0.9473,0.6785,0.0223,-0.5,30.0,0.27,2026-09-15 08:29
2026,Biltmore Championship Asheville,2026-09-20,Kevin Yu,9200,0.352,0.9219,0.673,0.0192,2.0,35.0,0.7,2026-09-15 08:29
2026,Biltmore Championship Asheville,2026-09-20,Eric Cole,9100,0.337,0.9434,0.6737,0.0223,-1.5,30.0,0.29,2026-09-15 08:29
2026,Biltmore Championship Asheville,2026-09-20,Ryo Hisatsune,8500,0.332,0.9141,0.6666,0.0192,0.0,35.0,0.16,2026-09-15 08:29
2026,Biltmore Championship Asheville,2026-09-20,Mac Meissner,9000,0.327,0.918,0.6688,0.0192,1.0,35.0,0.61,2026-09-15 08:29
2026,Biltmore Championship Asheville,2026-09-20,Keita Nakajima,9300,0.318,0.9062,0.6563,0.0192,-2.0,35.0,0.65,2026-09-15 08:29
2026,Biltmore Championship Asheville,2026-09-20,Marco Penge,8400,0.318,0.8828,0.6451,0.0192,-8.0,35.0,0.04,2026-09-15 08:29
2026,Biltmore Championship Asheville,2026-09-20,Jackson Suber,8200,0.313,0.8672,0.6534,0.015,2.0,45.0,0.58,2026-09-15 08:29
2026,Biltmore Championship Asheville,2026-09-20,Johnny Keefer,8700,0.305,0.8711,0.646,0.0168,-3.0,40.0,0.17,2026-09-15 08:29
2026,Biltmore Championship Asheville,2026-09-20,Michael Kim,7800,0.304,0.8711,0.6552,0.015,3.0,45.0,0.21,2026-09-15 08:29
2026,Biltmore Championship Asheville,2026-09-20,Kevin Roy,8000,0.298,0.8125,0.6377,0.0123,2.0,55.0,0.23,2026-09-15 08:29
2026,Biltmore Championship Asheville,2026-09-20,Beau Hossler,8600,0.295,0.8945,0.6625,0.0168,3.0,40.0,0.51,2026-09-15 08:29
2026,Biltmore Championship Asheville,2026-09-20,Christiaan Bezuidenhout,8100,0.294,0.8613,0.6559,0.0135,7.5,50.0,0.66,2026-09-15 08:29
2026,Biltmore Championship Asheville,2026-09-20,Pierceson Coody,8000,0.293,0.8203,0.624,0.015,-10.0,45.0,0.07,2026-09-15 08:29
2026,Biltmore Championship Asheville,2026-09-20,Billy Horschel,7600,0.289,0.834,0.6425,0.0135,0.5,50.0,0.15,2026-09-15 08:29
2026,Biltmore Championship Asheville,2026-09-20,Ben Kohles,7700,0.286,0.8242,0.6443,0.0123,5.0,55.0,0.99,2026-09-15 08:29
2026,Biltmore Championship Asheville,2026-09-20,Andrew Novak,7800,0.285,0.7949,0.6148,0.0135,-9.5,50.0,-0.07,2026-09-15 08:29
2026,Biltmore Championship Asheville,2026-09-20,Rico Hoey,7700,0.284,0.7793,0.6309,0.0113,2.5,60.0,0.34,2026-09-15 08:29
2026,Biltmore Championship Asheville,2026-09-20,Denny McCarthy,8300,0.282,0.8301,0.6413,0.0135,-0.5,50.0,0.24,2026-09-15 08:29
2026,Biltmore Championship Asheville,2026-09-20,Emiliano Grillo,7400,0.279,0.8008,0.6333,0.0123,-1.0,55.0,0.49,2026-09-15 08:29
2026,Biltmore Championship Asheville,2026-09-20,Blades Brown,8800,0.269,0.875,0.6509,0.0168,-2.0,40.0,0.42,2026-09-15 08:29
2026,Biltmore Championship Asheville,2026-09-20,Nick Taylor,7900,0.262,0.7871,0.6351,0.0113,4.5,60.0,0.21,2026-09-15 08:29
2026,Biltmore Championship Asheville,2026-09-20,Max Greyserman,7600,0.256,0.7676,0.6174,0.0113,-0.5,60.0,0.03,2026-09-15 08:29
2026,Biltmore Championship Asheville,2026-09-20,Stephan Jaeger,7500,0.254,0.6953,0.5971,0.0105,-8.0,65.0,0.19,2026-09-15 08:29
2026,Biltmore Championship Asheville,2026-09-20,Ricky Castillo,7500,0.246,0.791,0.6356,0.0113,5.5,60.0,0.1,2026-09-15 08:29
2026,Biltmore Championship Asheville,2026-09-20,Zach Bauchou,7500,0.243,0.7188,0.6092,0.0105,-2.0,65.0,0.43,2026-09-15 08:29
2026,Biltmore Championship Asheville,2026-09-20,Mackenzie Hughes,7600,0.243,0.7715,0.6194,0.0113,0.5,60.0,0.12,2026-09-15 08:29
2026,Biltmore Championship Asheville,2026-09-20,Nico Echavarria,7400,0.242,0.7383,0.6133,0.0105,3.0,65.0,-0.06,2026-09-15 08:29
2026,Biltmore Championship Asheville,2026-09-20,Chris Kirk,7400,0.242,0.7227,0.6099,0.0105,-1.0,65.0,0.15,2026-09-15 08:29
2026,Biltmore Championship Asheville,2026-09-20,John Parry,7300,0.236,0.6914,0.604,0.0097,-1.0,70.0,0.2,2026-09-15 08:29
2026,Biltmore Championship Asheville,2026-09-20,Taylor Pendrith,7900,0.234,0.7559,0.6121,0.0113,-3.5,60.0,-0.3,2026-09-15 08:29
2026,Biltmore Championship Asheville,2026-09-20,Lee Hodges,7300,0.231,0.6992,0.6113,0.0085,9.0,80.0,0.39,2026-09-15 08:29
2026,Biltmore Championship Asheville,2026-09-20,Tony Finau,7400,0.226,0.6758,0.5957,0.0097,-5.0,70.0,-0.21,2026-09-15 08:29
2026,Biltmore Championship Asheville,2026-09-20,Chandler Phillips,7100,0.222,0.6797,0.606,0.0085,4.0,80.0,0.36,2026-09-15 08:29
2026,Biltmore Championship Asheville,2026-09-20,Taylor Moore,7200,0.219,0.6562,0.5944,0.0085,-2.0,80.0,-0.07,2026-09-15 08:29
2026,Biltmore Championship Asheville,2026-09-20,Steven Fisk,7200,0.216,0.6953,0.6099,0.0085,8.0,80.0,-0.33,2026-09-15 08:29
2026,Biltmore Championship Asheville,2026-09-20,Haotong Li,7300,0.211,0.6836,0.6033,0.0097,-3.0,70.0,-0.52,2026-09-15 08:29
2026,Biltmore Championship Asheville,2026-09-20,Max McGreevy,7000,0.211,0.6016,0.5771,0.0068,6.0,100.0,0.14,2026-09-15 08:29
2026,Biltmore Championship Asheville,2026-09-20,Austin Eckroat,7200,0.211,0.6719,0.604,0.0085,2.0,80.0,0.1,2026-09-15 08:29
2026,Biltmore Championship Asheville,2026-09-20,Kris Ventura,7100,0.207,0.7148,0.6075,0.0105,-3.0,65.0,-0.15,2026-09-15 08:29
2026,Biltmore Championship Asheville,2026-09-20,William Mouw,7100,0.206,0.6113,0.5732,0.0076,-4.5,90.0,-0.09,2026-09-15 08:29
2026,Biltmore Championship Asheville,2026-09-20,Patrick Fishburn,7100,0.205,0.6152,0.575,0.0076,-3.5,90.0,0.19,2026-09-15 08:29
2026,Biltmore Championship Asheville,2026-09-20,Zecheng Dou,7000,0.204,0.6309,0.5776,0.0076,0.5,90.0,0.13,2026-09-15 08:29
2026,Biltmore Championship Asheville,2026-09-20,Jesper Svensson,6900,0.198,0.5742,0.5656,0.0068,-1.0,100.0,-0.24,2026-09-15 08:29
2026,Biltmore Championship Asheville,2026-09-20,Seamus Power,7000,0.198,0.5938,0.576,0.0068,4.0,100.0,0.0,2026-09-15 08:29
2026,Biltmore Championship Asheville,2026-09-20,Adrien Dumont de Chassart,6900,0.194,0.6094,0.5791,0.0068,8.0,100.0,-0.02,2026-09-15 08:29
2026,Biltmore Championship Asheville,2026-09-20,Andrew Putnam,7000,0.193,0.5703,0.5628,0.0068,-2.0,100.0,0.18,2026-09-15 08:29
2026,Biltmore Championship Asheville,2026-09-20,Zac Blair,7300,0.192,0.6074,0.5729,0.0076,-5.5,90.0,0.56,2026-09-15 08:29
2026,Biltmore Championship Asheville,2026-09-20,David Ford,7100,0.192,0.5977,0.5767,0.0068,5.0,100.0,-0.02,2026-09-15 08:29
2026,Biltmore Championship Asheville,2026-09-20,Neal Shipley,7200,0.192,0.5586,0.5573,0.0068,-5.0,100.0,-0.32,2026-09-15 08:29
2026,Biltmore Championship Asheville,2026-09-20,Matthieu Pavon,7000,0.181,0.5469,0.5494,0.0068,-8.0,100.0,-0.3,2026-09-15 08:29
2026,Biltmore Championship Asheville,2026-09-20,Joel Dahmen,6800,0.174,0.5488,0.5715,0.0055,7.5,125.0,0.0,2026-09-15 08:29
2026,Biltmore Championship Asheville,2026-09-20,Karl Vilips,6900,0.171,0.5215,0.5498,0.0055,0.5,125.0,-0.28,2026-09-15 08:29
2026,Biltmore Championship Asheville,2026-09-20,Tom Hoge,7000,0.168,0.5137,0.5476,0.0055,-1.5,125.0,-0.44,2026-09-15 08:29
2026,Biltmore Championship Asheville,2026-09-20,A.J. Ewart,7200,0.165,0.4648,0.516,0.0046,1.0,150.0,0.2,2026-09-15 08:29
2026,Biltmore Championship Asheville,2026-09-20,Tyler Watts,6800,0.164,0.5117,0.5115,0.0068,-17.0,100.0,-0.1,2026-09-15 08:29
2026,Biltmore Championship Asheville,2026-09-20,Trace Crowe,6900,0.16,0.5371,0.5602,0.0055,4.5,125.0,-0.53,2026-09-15 08:29
2026,Biltmore Championship Asheville,2026-09-20,Luke Clanton,6800,0.158,0.5254,0.5535,0.0055,1.5,125.0,-0.25,2026-09-15 08:29
2026,Biltmore Championship Asheville,2026-09-20,Austin Smotherman,6700,0.156,0.4688,0.518,0.0046,2.0,150.0,-0.46,2026-09-15 08:29
2026,Biltmore Championship Asheville,2026-09-20,Hayden Springer,6900,0.155,0.5332,0.5585,0.0055,3.5,125.0,-0.1,2026-09-15 08:29
2026,Biltmore Championship Asheville,2026-09-20,Takumi Kanaya,6800,0.153,0.4805,0.5432,0.0046,5.0,150.0,-0.13,2026-09-15 08:29
2026,Biltmore Championship Asheville,2026-09-20,Erik van Rooyen,6700,0.152,0.4492,0.5086,0.0046,-3.0,150.0,-0.09,2026-09-15 08:29
2026,Biltmore Championship Asheville,2026-09-20,Lucas Glover,6700,0.151,0.4219,0.492,0.0046,-10.0,150.0,-0.71,2026-09-15 08:29
2026,Biltmore Championship Asheville,2026-09-20,Davis Chatfield,6800,0.15,0.4766,0.5252,0.0046,4.0,150.0,0.12,2026-09-15 08:29
2026,Biltmore Championship Asheville,2026-09-20,Chad Ramey,6900,0.15,0.4727,0.5197,0.0046,3.0,150.0,-0.22,2026-09-15 08:29
2026,Biltmore Championship Asheville,2026-09-20,David Skinns,6800,0.149,0.4453,0.5085,0.0046,-4.0,150.0,0.13,2026-09-15 08:29
2026,Biltmore Championship Asheville,2026-09-20,Mark Hubbard,6700,0.146,0.457,0.514,0.0046,-1.0,150.0,-0.52,2026-09-15 08:29
2026,Biltmore Championship Asheville,2026-09-20,Chandler Blanchet,6600,0.116,0.3965,0.5006,0.0034,0.5,200.0,-0.56,2026-09-15 08:29
2026,Biltmore Championship Asheville,2026-09-20,Tyler Duncan,6400,0.108,0.3242,0.4891,0.0023,11.0,300.0,0.53,2026-09-15 08:29
2026,Biltmore Championship Asheville,2026-09-20,Pontus Nyholm,6600,0.107,0.4043,0.5067,0.0034,2.5,200.0,-0.57,2026-09-15 08:29
2026,Biltmore Championship Asheville,2026-09-20,Ben Silverman,6600,0.107,0.4277,0.5153,0.0034,8.5,200.0,-0.11,2026-09-15 08:29
2026,Biltmore Championship Asheville,2026-09-20,Davis Riley,6700,0.107,0.3848,0.4909,0.0034,-2.5,200.0,-0.98,2026-09-15 08:29
2026,Biltmore Championship Asheville,2026-09-20,Webb Simpson,6700,0.105,0.4004,0.5037,0.0034,1.5,200.0,-0.26,2026-09-15 08:29
2026,Biltmore Championship Asheville,2026-09-20,Lanto Griffin,6600,0.105,0.4082,0.5074,0.0034,3.5,200.0,-0.56,2026-09-15 08:29
2026,Biltmore Championship Asheville,2026-09-20,Isaiah Salinda,6700,0.102,0.3926,0.4992,0.0034,-0.5,200.0,-0.53,2026-09-15 08:29
2026,Biltmore Championship Asheville,2026-09-20,Jimmy Stanger,6500,0.099,0.3398,0.4838,0.0027,1.0,250.0,-0.31,2026-09-15 08:29
2026,Biltmore Championship Asheville,2026-09-20,David Lipsky,6600,0.099,0.3359,0.4837,0.0027,0.0,250.0,-0.33,2026-09-15 08:29
2026,Biltmore Championship Asheville,2026-09-20,Hank Lebioda,6500,0.099,0.3164,0.487,0.0023,9.0,300.0,-0.19,2026-09-15 08:29
2026,Biltmore Championship Asheville,2026-09-20,Kevin Streelman,6500,0.099,0.3203,0.4877,0.0023,10.0,300.0,-0.15,2026-09-15 08:29
2026,Biltmore Championship Asheville,2026-09-20,Vince Whaley,6400,0.096,0.2695,0.4773,0.002,9.0,350.0,-0.45,2026-09-15 08:29
2026,Biltmore Championship Asheville,2026-09-20,Harry Higgs,6400,0.091,0.3008,0.4785,0.0023,5.0,300.0,-0.07,2026-09-15 08:29
2026,Biltmore Championship Asheville,2026-09-20,Gordon Sargent,6500,0.09,0.3105,0.4575,0.0034,-21.5,200.0,-1.02,2026-09-15 08:29
2026,Biltmore Championship Asheville,2026-09-20,John VanDerLaan,6500,0.09,0.3164,0.4768,0.0027,-5.0,250.0,-0.92,2026-09-15 08:29
2026,Biltmore Championship Asheville,2026-09-20,Danny Walker,6300,0.089,0.2539,0.4706,0.002,5.0,350.0,-1.12,2026-09-15 08:29
2026,Biltmore Championship Asheville,2026-09-20,Brice Garnett,6300,0.088,0.2578,0.4719,0.002,6.0,350.0,-0.46,2026-09-15 08:29
2026,Biltmore Championship Asheville,2026-09-20,Jeffrey Kang,6400,0.086,0.2852,0.4746,0.0023,1.0,300.0,-0.88,2026-09-15 08:29
2026,Biltmore Championship Asheville,2026-09-20,Cameron Champ,6600,0.086,0.3242,0.4783,0.0027,-3.0,250.0,-1.0,2026-09-15 08:29
2026,Biltmore Championship Asheville,2026-09-20,Justin Lower,6300,0.084,0.25,0.4703,0.002,4.0,350.0,-0.62,2026-09-15 08:29
2026,Biltmore Championship Asheville,2026-09-20,Paul Peterson,6600,0.082,0.2773,0.4491,0.0027,-15.0,250.0,-0.79,2026-09-15 08:29
2026,Biltmore Championship Asheville,2026-09-20,Adam Hadwin,6500,0.08,0.2969,0.4692,0.0027,-10.0,250.0,-0.62,2026-09-15 08:29
2026,Biltmore Championship Asheville,2026-09-20,Will Gordon,6400,0.08,0.2383,0.4649,0.002,1.0,350.0,-0.52,2026-09-15 08:29
2026,Biltmore Championship Asheville,2026-09-20,Aaron Wise,6500,0.076,0.2852,0.4588,0.0027,-13.0,250.0,-1.03,2026-09-15 08:29
2026,Biltmore Championship Asheville,2026-09-20,Troy Merritt,6200,0.074,0.1992,0.483,0.0009,33.0,800.0,0.09,2026-09-15 08:29
2026,Biltmore Championship Asheville,2026-09-20,Dylan Wu,6400,0.074,0.1934,0.429,0.0017,-1.5,400.0,-0.75,2026-09-15 08:29
2026,Biltmore Championship Asheville,2026-09-20,Jonathan Byrd,6300,0.072,0.1797,0.4657,0.0011,18.0,600.0,-0.11,2026-09-15 08:29
2026,Biltmore Championship Asheville,2026-09-20,Carson Bertagnole,6300,0.071,0.2109,0.4132,0.0023,-18.0,300.0,-0.34,2026-09-15 08:29
2026,Biltmore Championship Asheville,2026-09-20,Adam Schenk,6100,0.069,0.168,0.4269,0.0014,3.0,500.0,-0.89,2026-09-15 08:29
2026,Biltmore Championship Asheville,2026-09-20,Nick Hardy,6400,0.068,0.2422,0.438,0.0023,-10.0,300.0,-0.92,2026-09-15 08:29
2026,Biltmore Championship Asheville,2026-09-20,Adam Svensson,6200,0.067,0.2051,0.4455,0.0017,1.5,400.0,-0.63,2026-09-15 08:29
2026,Biltmore Championship Asheville,2026-09-20,Fabian Gomez,6200,0.066,0.1406,0.4245,0.0011,8.0,600.0,-0.97,2026-09-15 08:29
2026,Biltmore Championship Asheville,2026-09-20,Henrik Norlander,6200,0.066,0.1602,0.4214,0.0014,1.0,500.0,-0.78,2026-09-15 08:29
2026,Biltmore Championship Asheville,2026-09-20,Patton Kizzire,6100,0.065,0.1133,0.4092,0.0011,1.0,600.0,-1.27,2026-09-15 08:29
2026,Biltmore Championship Asheville,2026-09-20,Kensei Hirata,6000,0.064,0.1328,0.4321,0.0009,16.0,800.0,-0.82,2026-09-15 08:29
2026,Biltmore Championship Asheville,2026-09-20,Brendan Valdes,6300,0.061,0.1621,0.4104,0.0017,-9.5,400.0,-0.21,2026-09-15 08:29
2026,Biltmore Championship Asheville,2026-09-20,Camilo Villegas,6200,0.056,0.1328,0.4202,0.0011,6.0,600.0,-0.63,2026-09-15 08:29
2026,Biltmore Championship Asheville,2026-09-20,Peter Malnati,6100,0.056,0.1523,0.4151,0.0014,-1.0,500.0,-0.99,2026-09-15 08:29
2026,Biltmore Championship Asheville,2026-09-20,Luke List,6100,0.056,0.1445,0.4122,0.0014,-3.0,500.0,-1.4,2026-09-15 08:29
2026,Biltmore Championship Asheville,2026-09-20,Nick Dunlap,6300,0.054,0.1543,0.407,0.0017,-11.5,400.0,-1.51,2026-09-15 08:29
2026,Biltmore Championship Asheville,2026-09-20,Cam Davis,6200,0.051,0.1133,0.3929,0.0014,-11.0,500.0,-1.68,2026-09-15 08:29
2026,Biltmore Championship Asheville,2026-09-20,Ben Martin,6000,0.05,0.1055,0.4033,0.0011,-1.0,600.0,-1.12,2026-09-15 08:29
2026,Biltmore Championship Asheville,2026-09-20,Alejandro Tosti,6200,0.049,0.125,0.4029,0.0014,-8.0,500.0,-1.67,2026-09-15 08:29
2026,Biltmore Championship Asheville,2026-09-20,Rafael Campos,6100,0.047,0.1016,0.3868,0.0014,-14.0,500.0,-1.2,2026-09-15 08:29
2026,Biltmore Championship Asheville,2026-09-20,Christo Lamprecht,6100,0.046,0.0781,0.4028,0.0009,2.0,800.0,-2.04,2026-09-15 08:29
2026,Biltmore Championship Asheville,2026-09-20,Kevin Kisner,6100,0.044,0.0605,0.397,0.0007,4.5,1000.0,-0.33,2026-09-15 08:29
2026,Biltmore Championship Asheville,2026-09-20,Jeremy Paul,6100,0.043,0.0625,0.3914,0.0009,-2.0,800.0,-1.39,2026-09-15 08:29
2026,Biltmore Championship Asheville,2026-09-20,Marcelo Rozo,6000,0.038,0.0664,0.3922,0.0009,-1.0,800.0,-1.19,2026-09-15 08:29
2026,Biltmore Championship Asheville,2026-09-20,Brendon Todd,6000,0.029,0.0312,0.3837,0.0003,2.0,1000.0,-1.79,2026-09-15 08:29
2026,Biltmore Championship Asheville,2026-09-20,Michael Thompson,6000,0.026,0.0332,0.3299,0.0007,-2.5,1000.0,-0.34,2026-09-15 08:29
2026,Biltmore Championship Asheville,2026-09-20,Ryan Brehm,6000,0.025,0.0273,0.3476,0.0003,1.0,1000.0,-1.22,2026-09-15 08:29
2026,Biltmore Championship Asheville,2026-09-20,Morgan DeNeen,6000,0.02,0.0078,0.322,0.0002,0.0,1000.0,-0.34,2026-09-15 08:29
2026,Biltmore Championship Asheville,2026-09-20,Tyler Jones,6000,0.02,0.0195,0.3226,0.0003,-1.0,1000.0,-0.34,2026-09-15 08:29
2026,Bank of Utah Championship,2026-10-04,Jackson Koivun,10800,0.494,1.0,0.7559,0.0548,0.0,12.0,1.53,2026-09-29 12:33
2026,Bank of Utah Championship,2026-10-04,Maverick McNealy,9600,0.452,0.9848,0.7161,0.0339,1.5,20.0,0.8,2026-09-29 12:33
2026,Bank of Utah Championship,2026-10-04,Michael Brennan,10200,0.449,0.9826,0.7021,0.0419,-2.0,16.0,0.72,2026-09-29 12:33
2026,Bank of Utah Championship,2026-10-04,Ben James,9900,0.431,0.9804,0.7035,0.0339,0.5,20.0,1.46,2026-09-29 12:33
2026,Bank of Utah Championship,2026-10-04,Doug Ghim,9500,0.404,0.9565,0.6788,0.0274,0.0,25.0,1.02,2026-09-29 12:33
2026,Bank of Utah Championship,2026-10-04,Matt Wallace,9700,0.382,0.9609,0.683,0.0274,1.0,25.0,0.74,2026-09-29 12:33
2026,Bank of Utah Championship,2026-10-04,Marco Penge,9400,0.373,0.9522,0.672,0.0274,-1.0,25.0,0.38,2026-09-29 12:33
2026,Bank of Utah Championship,2026-10-04,Kevin Yu,9200,0.348,0.9261,0.6675,0.0198,1.0,35.0,0.76,2026-09-29 12:33
2026,Bank of Utah Championship,2026-10-04,Jackson Suber,9300,0.346,0.9391,0.6688,0.023,0.0,30.0,0.71,2026-09-29 12:33
2026,Bank of Utah Championship,2026-10-04,Davis Thompson,9100,0.345,0.9217,0.65,0.0198,0.0,35.0,0.61,2026-09-29 12:33
2026,Bank of Utah Championship,2026-10-04,Jordan Smith,8000,0.328,0.9,0.6465,0.0174,3.0,40.0,0.46,2026-09-29 12:33
2026,Bank of Utah Championship,2026-10-04,Max Greyserman,7900,0.321,0.837,0.6259,0.0155,-2.5,45.0,0.28,2026-09-29 12:33
2026,Bank of Utah Championship,2026-10-04,Mac Meissner,8600,0.321,0.8913,0.6421,0.0174,1.0,40.0,0.48,2026-09-29 12:33
2026,Bank of Utah Championship,2026-10-04,Matt McCarty,9000,0.32,0.8826,0.6274,0.0198,-9.0,35.0,-0.06,2026-09-29 12:33
2026,Bank of Utah Championship,2026-10-04,Johnny Keefer,8400,0.318,0.8957,0.6462,0.0174,2.0,40.0,0.43,2026-09-29 12:33
2026,Bank of Utah Championship,2026-10-04,Ben Kohles,7800,0.314,0.8457,0.6397,0.014,7.5,50.0,1.1,2026-09-29 12:33
2026,Bank of Utah Championship,2026-10-04,Rico Hoey,8200,0.314,0.8543,0.6343,0.0155,1.5,45.0,0.33,2026-09-29 12:33
2026,Bank of Utah Championship,2026-10-04,Max Homa,8800,0.314,0.887,0.6418,0.0174,0.0,40.0,0.34,2026-09-29 12:33
2026,Bank of Utah Championship,2026-10-04,Beau Hossler,8300,0.305,0.7978,0.6188,0.014,-3.5,50.0,0.62,2026-09-29 12:33
2026,Bank of Utah Championship,2026-10-04,Eric Cole,8500,0.305,0.8109,0.616,0.0155,-8.5,45.0,0.43,2026-09-29 12:33
2026,Bank of Utah Championship,2026-10-04,Chris Kirk,8100,0.303,0.8413,0.6363,0.014,6.5,50.0,0.4,2026-09-29 12:33
2026,Bank of Utah Championship,2026-10-04,Kevin Roy,7600,0.293,0.7674,0.6199,0.0117,5.5,60.0,0.41,2026-09-29 12:33
2026,Bank of Utah Championship,2026-10-04,Harry Hall,8900,0.29,0.8478,0.6209,0.0174,-9.0,40.0,0.28,2026-09-29 12:33
2026,Bank of Utah Championship,2026-10-04,Rasmus Hojgaard,8700,0.284,0.8022,0.6093,0.0155,-10.5,45.0,-0.01,2026-09-29 12:33
2026,Bank of Utah Championship,2026-10-04,Nick Taylor,7800,0.28,0.8065,0.6272,0.0127,6.5,55.0,0.18,2026-09-29 12:33
2026,Bank of Utah Championship,2026-10-04,Rasmus Neergaard-Petersen,7500,0.277,0.7717,0.6204,0.0117,6.5,60.0,0.32,2026-09-29 12:33
2026,Bank of Utah Championship,2026-10-04,Pierceson Coody,7700,0.277,0.7978,0.6222,0.0127,4.5,55.0,0.06,2026-09-29 12:33
2026,Bank of Utah Championship,2026-10-04,Christiaan Bezuidenhout,7600,0.272,0.7543,0.6116,0.0117,2.5,60.0,0.67,2026-09-29 12:33
2026,Bank of Utah Championship,2026-10-04,Stephan Jaeger,7700,0.272,0.7457,0.5865,0.0127,-7.5,55.0,0.15,2026-09-29 12:33
2026,Bank of Utah Championship,2026-10-04,Neal Shipley,7900,0.272,0.8326,0.6321,0.014,4.5,50.0,0.17,2026-09-29 12:33
2026,Bank of Utah Championship,2026-10-04,Zach Bauchou,7300,0.255,0.6783,0.5794,0.01,-2.0,70.0,0.7,2026-09-29 12:33
2026,Bank of Utah Championship,2026-10-04,Mackenzie Hughes,7500,0.247,0.6826,0.5817,0.01,-1.0,70.0,0.45,2026-09-29 12:33
2026,Bank of Utah Championship,2026-10-04,John Parry,7500,0.247,0.6739,0.5786,0.01,-3.0,70.0,0.41,2026-09-29 12:33
2026,Bank of Utah Championship,2026-10-04,Lee Hodges,7300,0.247,0.7043,0.5928,0.01,4.0,70.0,0.3,2026-09-29 12:33
2026,Bank of Utah Championship,2026-10-04,Steven Fisk,7200,0.246,0.6935,0.5995,0.0094,8.5,75.0,0.15,2026-09-29 12:33
2026,Bank of Utah Championship,2026-10-04,Haotong Li,7500,0.242,0.7457,0.6072,0.0117,0.5,60.0,-0.15,2026-09-29 12:33
2026,Bank of Utah Championship,2026-10-04,Billy Horschel,7600,0.238,0.7022,0.5822,0.0108,-3.5,65.0,0.17,2026-09-29 12:33
2026,Bank of Utah Championship,2026-10-04,Emiliano Grillo,7400,0.235,0.6565,0.573,0.01,-7.0,70.0,0.37,2026-09-29 12:33
2026,Bank of Utah Championship,2026-10-04,Zecheng Dou,7300,0.235,0.7065,0.586,0.0108,-2.5,65.0,0.49,2026-09-29 12:33
2026,Bank of Utah Championship,2026-10-04,Austin Eckroat,7400,0.235,0.6239,0.5517,0.0094,-7.5,75.0,0.25,2026-09-29 12:33
2026,Bank of Utah Championship,2026-10-04,Kris Ventura,7400,0.235,0.7587,0.6068,0.0127,-4.5,55.0,0.2,2026-09-29 12:33
2026,Bank of Utah Championship,2026-10-04,Max McGreevy,7100,0.231,0.6217,0.5691,0.0088,-1.0,80.0,0.12,2026-09-29 12:33
2026,Bank of Utah Championship,2026-10-04,Seamus Power,7300,0.223,0.6652,0.5861,0.0088,9.0,80.0,0.43,2026-09-29 12:33
2026,Bank of Utah Championship,2026-10-04,Sudarshan Yellamaraju,7200,0.221,0.5761,0.5521,0.0071,5.5,100.0,0.24,2026-09-29 12:33
2026,Bank of Utah Championship,2026-10-04,Zac Blair,7000,0.22,0.563,0.5509,0.0071,2.5,100.0,0.61,2026-09-29 12:33
2026,Bank of Utah Championship,2026-10-04,Patrick Fishburn,7000,0.218,0.5674,0.5514,0.0071,3.5,100.0,0.14,2026-09-29 12:33
2026,Bank of Utah Championship,2026-10-04,Denny McCarthy,7200,0.215,0.6348,0.5784,0.0088,2.0,80.0,0.13,2026-09-29 12:33
2026,Bank of Utah Championship,2026-10-04,Chandler Phillips,7200,0.214,0.6304,0.5747,0.0088,1.0,80.0,0.33,2026-09-29 12:33
2026,Bank of Utah Championship,2026-10-04,Tony Finau,7200,0.209,0.5239,0.5295,0.0071,-6.5,100.0,-0.46,2026-09-29 12:33
2026,Bank of Utah Championship,2026-10-04,William Mouw,7100,0.207,0.6391,0.5786,0.0088,3.0,80.0,0.05,2026-09-29 12:33
2026,Bank of Utah Championship,2026-10-04,Austin Smotherman,7000,0.198,0.5587,0.5476,0.0071,1.5,100.0,-0.18,2026-09-29 12:33
2026,Bank of Utah Championship,2026-10-04,Taylor Moore,6900,0.198,0.55,0.5429,0.0071,-0.5,100.0,-0.06,2026-09-29 12:33
2026,Bank of Utah Championship,2026-10-04,David Ford,7100,0.196,0.5804,0.5537,0.0071,6.5,100.0,-0.09,2026-09-29 12:33
2026,Bank of Utah Championship,2026-10-04,Aldrich Potgieter,7100,0.193,0.513,0.5101,0.0078,-20.0,90.0,-0.64,2026-09-29 12:33
2026,Bank of Utah Championship,2026-10-04,Hayden Springer,7100,0.192,0.5543,0.5432,0.0071,0.5,100.0,0.13,2026-09-29 12:33
2026,Bank of Utah Championship,2026-10-04,Gordon Sargent,6900,0.184,0.537,0.5382,0.0071,-3.5,100.0,-0.2,2026-09-29 12:33
2026,Bank of Utah Championship,2026-10-04,Patrick Rodgers,7000,0.18,0.5,0.5368,0.0057,3.0,125.0,-0.39,2026-09-29 12:33
2026,Bank of Utah Championship,2026-10-04,Matthieu Pavon,6700,0.178,0.4935,0.5156,0.0071,-13.5,100.0,-0.56,2026-09-29 12:33
2026,Bank of Utah Championship,2026-10-04,Jesper Svensson,7000,0.178,0.4739,0.519,0.0057,-3.0,125.0,-0.4,2026-09-29 12:33
2026,Bank of Utah Championship,2026-10-04,Chad Ramey,6900,0.175,0.4957,0.5344,0.0057,2.0,125.0,-0.04,2026-09-29 12:33
2026,Bank of Utah Championship,2026-10-04,Tom Hoge,6800,0.171,0.487,0.5252,0.0057,0.0,125.0,-0.3,2026-09-29 12:33
2026,Bank of Utah Championship,2026-10-04,Trace Crowe,6900,0.168,0.513,0.5429,0.0057,6.0,125.0,-0.09,2026-09-29 12:33
2026,Bank of Utah Championship,2026-10-04,Joel Dahmen,6800,0.162,0.437,0.5159,0.0047,1.5,150.0,0.05,2026-09-29 12:33
2026,Bank of Utah Championship,2026-10-04,Takumi Kanaya,6700,0.16,0.4804,0.5384,0.0047,11.5,150.0,0.06,2026-09-29 12:33
2026,Bank of Utah Championship,2026-10-04,Lucas Glover,6900,0.157,0.4239,0.5083,0.0047,-1.5,150.0,-0.54,2026-09-29 12:33
2026,Bank of Utah Championship,2026-10-04,John VanDerLaan,6800,0.156,0.45,0.5204,0.0047,4.5,150.0,-0.18,2026-09-29 12:33
2026,Bank of Utah Championship,2026-10-04,Luke Clanton,6600,0.151,0.3935,0.4992,0.0047,-8.5,150.0,-0.31,2026-09-29 12:33
2026,Bank of Utah Championship,2026-10-04,A.J. Ewart,6700,0.148,0.3696,0.4993,0.004,-1.0,175.0,0.24,2026-09-29 12:33
2026,Bank of Utah Championship,2026-10-04,Garrick Higgo,6700,0.148,0.3848,0.497,0.0047,-10.5,150.0,-0.44,2026-09-29 12:33
2026,Bank of Utah Championship,2026-10-04,Andrew Putnam,6600,0.148,0.4543,0.521,0.0047,5.5,150.0,0.11,2026-09-29 12:33
2026,Bank of Utah Championship,2026-10-04,Davis Chatfield,6800,0.148,0.3826,0.5023,0.004,2.0,175.0,0.29,2026-09-29 12:33
2026,Bank of Utah Championship,2026-10-04,Isaiah Salinda,6700,0.14,0.4196,0.5077,0.0047,-2.5,150.0,-0.35,2026-09-29 12:33
2026,Bank of Utah Championship,2026-10-04,Mark Hubbard,6600,0.136,0.387,0.5063,0.004,3.0,175.0,-0.32,2026-09-29 12:33
2026,Bank of Utah Championship,2026-10-04,Chandler Blanchet,6600,0.136,0.3522,0.4945,0.004,-5.0,175.0,-0.56,2026-09-29 12:33
2026,Bank of Utah Championship,2026-10-04,Justin Lower,6700,0.129,0.3609,0.4992,0.004,-3.0,175.0,-0.27,2026-09-29 12:33
2026,Bank of Utah Championship,2026-10-04,Erik van Rooyen,6500,0.128,0.3304,0.4898,0.0035,-2.0,200.0,-0.36,2026-09-29 12:33
2026,Bank of Utah Championship,2026-10-04,Adrien Dumont de Chassart,6800,0.125,0.3565,0.5017,0.0035,4.0,200.0,-0.13,2026-09-29 12:33
2026,Bank of Utah Championship,2026-10-04,Pontus Nyholm,6500,0.125,0.3609,0.5018,0.0035,5.0,200.0,-0.27,2026-09-29 12:33
2026,Bank of Utah Championship,2026-10-04,Ben Silverman,6600,0.116,0.3022,0.4871,0.0028,2.5,250.0,0.25,2026-09-29 12:33
2026,Bank of Utah Championship,2026-10-04,Kevin Streelman,6500,0.114,0.313,0.4867,0.0032,-2.0,225.0,-0.04,2026-09-29 12:33
2026,Bank of Utah Championship,2026-10-04,David Skinns,6500,0.112,0.2609,0.4705,0.0024,2.0,300.0,-0.13,2026-09-29 12:33
2026,Bank of Utah Championship,2026-10-04,Vince Whaley,6500,0.107,0.2891,0.4772,0.0028,-0.5,250.0,-0.35,2026-09-29 12:33
2026,Bank of Utah Championship,2026-10-04,Paul Peterson,6400,0.106,0.2935,0.4802,0.0028,0.5,250.0,0.08,2026-09-29 12:33
2026,Bank of Utah Championship,2026-10-04,David Lipsky,6400,0.106,0.2848,0.4708,0.0028,-1.5,250.0,-0.27,2026-09-29 12:33
2026,Bank of Utah Championship,2026-10-04,Davis Riley,6300,0.101,0.2761,0.4693,0.0028,-3.5,250.0,-0.8,2026-09-29 12:33
2026,Bank of Utah Championship,2026-10-04,Hank Lebioda,6300,0.099,0.2304,0.4559,0.002,1.0,350.0,-0.37,2026-09-29 12:33
2026,Bank of Utah Championship,2026-10-04,Joe Highsmith,6400,0.095,0.2717,0.4651,0.0028,-4.5,250.0,-0.67,2026-09-29 12:33
2026,Bank of Utah Championship,2026-10-04,Adam Svensson,6500,0.09,0.2478,0.4629,0.0024,-1.0,300.0,-0.52,2026-09-29 12:33
2026,Bank of Utah Championship,2026-10-04,Taylor Pendrith,7400,0.09,0.2326,0.5167,0.0001,50.5,1000.0,-0.17,2026-09-29 12:33
2026,Bank of Utah Championship,2026-10-04,Kihei Akina,6600,0.085,0.2,0.4189,0.0024,-12.0,300.0,-0.76,2026-09-29 12:33
2026,Bank of Utah Championship,2026-10-04,Brice Garnett,6300,0.082,0.2043,0.4516,0.0018,5.0,400.0,-0.42,2026-09-29 12:33
2026,Bank of Utah Championship,2026-10-04,Dylan Wu,6400,0.08,0.1913,0.4465,0.0018,2.0,400.0,-0.52,2026-09-29 12:33
2026,Bank of Utah Championship,2026-10-04,Aaron Wise,6400,0.079,0.187,0.4447,0.0018,1.0,400.0,-0.15,2026-09-29 12:33
2026,Bank of Utah Championship,2026-10-04,Danny Walker,6200,0.077,0.1783,0.4343,0.0018,-1.0,400.0,-0.89,2026-09-29 12:33
2026,Bank of Utah Championship,2026-10-04,Jimmy Stanger,6300,0.076,0.1826,0.4373,0.0018,0.0,400.0,-0.75,2026-09-29 12:33
2026,Bank of Utah Championship,2026-10-04,Adam Schenk,6200,0.074,0.1196,0.4095,0.0014,-1.5,500.0,-0.82,2026-09-29 12:33
2026,Bank of Utah Championship,2026-10-04,Patton Kizzire,6100,0.073,0.1326,0.4166,0.0014,1.5,500.0,-0.98,2026-09-29 12:33
2026,Bank of Utah Championship,2026-10-04,Peter Malnati,6300,0.071,0.2,0.451,0.0018,4.0,400.0,-0.43,2026-09-29 12:33
2026,Bank of Utah Championship,2026-10-04,Ben Martin,6400,0.07,0.2174,0.4486,0.002,-2.0,350.0,-0.34,2026-09-29 12:33
2026,Bank of Utah Championship,2026-10-04,Nick Dunlap,6300,0.068,0.1913,0.4238,0.002,-8.0,350.0,-1.16,2026-09-29 12:33
2026,Bank of Utah Championship,2026-10-04,C.T. Pan,6100,0.068,0.1739,0.4301,0.0018,-2.0,400.0,-0.08,2026-09-29 12:33
2026,Bank of Utah Championship,2026-10-04,Jeffrey Kang,6100,0.061,0.1152,0.3984,0.0014,-2.5,500.0,-0.77,2026-09-29 12:33
2026,Bank of Utah Championship,2026-10-04,Rafael Campos,6100,0.06,0.1239,0.4097,0.0014,-0.5,500.0,-0.78,2026-09-29 12:33
2026,Bank of Utah Championship,2026-10-04,Alejandro Tosti,6200,0.057,0.1109,0.3894,0.0014,-3.5,500.0,-1.29,2026-09-29 12:33
2026,Bank of Utah Championship,2026-10-04,Kensei Hirata,6000,0.054,0.1043,0.4106,0.0007,6.0,1000.0,-1.16,2026-09-29 12:33
2026,Bank of Utah Championship,2026-10-04,Cam Davis,6200,0.051,0.1065,0.374,0.0014,-4.5,500.0,-1.5,2026-09-29 12:33
2026,Bank of Utah Championship,2026-10-04,Michael Thompson,6200,0.042,0.0696,0.3579,0.0007,-2.0,1000.0,-0.98,2026-09-29 12:33
2026,Bank of Utah Championship,2026-10-04,Christo Lamprecht,6000,0.041,0.0783,0.3671,0.0007,0.0,1000.0,-1.8,2026-09-29 12:33
2026,Bank of Utah Championship,2026-10-04,Marcelo Rozo,6000,0.036,0.0739,0.3657,0.0007,-1.0,1000.0,-1.39,2026-09-29 12:33
2026,Bank of Utah Championship,2026-10-04,K.H. Lee,6100,0.036,0.0326,0.3542,0.0001,4.5,1000.0,-1.36,2026-09-29 12:33
2026,Bank of Utah Championship,2026-10-04,Brendon Todd,6100,0.034,0.0478,0.3503,0.0004,-1.0,1000.0,-1.94,2026-09-29 12:33
2026,Bank of Utah Championship,2026-10-04,Bowen Mauss,6000,0.033,0.0217,0.2965,0.0002,-3.0,1000.0,-0.03,2026-09-29 12:33
2026,Bank of Utah Championship,2026-10-04,Boston Bracken,6200,0.028,0.0478,0.2976,0.0007,-7.0,1000.0,-0.32,2026-09-29 12:33
2026,Bank of Utah Championship,2026-10-04,David Lingmerth,6000,0.028,0.0326,0.3007,0.0002,-0.5,1000.0,-0.32,2026-09-29 12:33
2026,Bank of Utah Championship,2026-10-04,Zach J. Johnson,6000,0.028,0.0326,0.3007,0.0002,-0.5,1000.0,-0.32,2026-09-29 12:33
